file,ia_id,id,duplicate,meaning_translation,mushaf,book,tafseer,ar_recitation,en_recitation,complete_or_juzu,meaning_translation_only,translation_language,en_translation_language,language_title,ar_translation_language,ar_title,translation_language_code,en_translator,ar_translator,en_title,description,keywords,translation_language_title,slug,image_url,epub_url,download_url,source,uploaded_by
E:/qr/qr-images/images.qurancomplex.gov.sa/publications/bk_fatawa_15/550/pdf/book_fatawa_15.pdf,book_fatawa_15,,FALSE,FALSE,FALSE,TRUE,FALSE,,,,,,,,,,,,,,,,,,,,,https://www.qurancomplex.gov.sa/,https://www.quran.co.com
E:/qr/qr-images/images.qurancomplex.gov.sa/publications/bk_fatawa_05/550/pdf/book_fatawa_05.pdf,book_fatawa_05,,FALSE,FALSE,FALSE,TRUE,FALSE,,,,,,,,,,,,,,,,,,,,,https://www.qurancomplex.gov.sa/,https://www.quran.co.com
E:/qr/qr-images/images.qurancomplex.gov.sa/publications/bk_fatawa_37/550/pdf/book_fatawa_37.pdf,book_fatawa_37,,FALSE,FALSE,FALSE,TRUE,FALSE,,,,,,,,,,,,,,,,,,,,,https://www.qurancomplex.gov.sa/,https://www.quran.co.com
E:/qr/qr-images/images.qurancomplex.gov.sa/publications/bk_fatawa_36/550/pdf/book_fatawa_36.pdf,book_fatawa_36,,FALSE,FALSE,FALSE,TRUE,FALSE,,,,,,,,,,,,,,,,,,,,,https://www.qurancomplex.gov.sa/,https://www.quran.co.com
E:/qr/qr-images/images.qurancomplex.gov.sa/publications/bk_fatawa_35/550/pdf/book_fatawa_35.pdf,book_fatawa_35,,FALSE,FALSE,FALSE,TRUE,FALSE,,,,,,,,,,,,,,,,,,,,,https://www.qurancomplex.gov.sa/,https://www.quran.co.com
E:/qr/qr-images/images.qurancomplex.gov.sa/publications/bk_fatawa_34/550/pdf/book_fatawa_34.pdf,book_fatawa_34,,FALSE,FALSE,FALSE,TRUE,FALSE,,,,,,,,,,,,,,,,,,,,,https://www.qurancomplex.gov.sa/,https://www.quran.co.com
E:/qr/qr-images/images.qurancomplex.gov.sa/publications/bk_fatawa_33/550/pdf/book_fatawa_33.pdf,book_fatawa_33,,FALSE,FALSE,FALSE,TRUE,FALSE,,,,,,,,,,,,,,,,,,,,,https://www.qurancomplex.gov.sa/,https://www.quran.co.com
E:/qr/qr-images/images.qurancomplex.gov.sa/publications/bk_fatawa_32/550/pdf/book_fatawa_32.pdf,book_fatawa_32,,FALSE,FALSE,FALSE,TRUE,FALSE,,,,,,,,,,,,,,,,,,,,,https://www.qurancomplex.gov.sa/,https://www.quran.co.com
E:/qr/qr-images/images.qurancomplex.gov.sa/publications/bk_fatawa_31/550/pdf/book_fatawa_31.pdf,book_fatawa_31,,FALSE,FALSE,FALSE,TRUE,FALSE,,,,,,,,,,,,,,,,,,,,,https://www.qurancomplex.gov.sa/,https://www.quran.co.com
E:/qr/qr-images/images.qurancomplex.gov.sa/publications/bk_fatawa_30/550/pdf/book_fatawa_30.pdf,book_fatawa_30,,FALSE,FALSE,FALSE,TRUE,FALSE,,,,,,,,,,,,,,,,,,,,,https://www.qurancomplex.gov.sa/,https://www.quran.co.com
E:/qr/qr-images/images.qurancomplex.gov.sa/publications/bk_fatawa_29/550/pdf/book_fatawa_29.pdf,book_fatawa_29,,FALSE,FALSE,FALSE,TRUE,FALSE,,,,,,,,,,,,,,,,,,,,,https://www.qurancomplex.gov.sa/,https://www.quran.co.com
E:/qr/qr-images/images.qurancomplex.gov.sa/publications/bk_fatawa_28/550/pdf/book_fatawa_28.pdf,book_fatawa_28,,FALSE,FALSE,FALSE,TRUE,FALSE,,,,,,,,,,,,,,,,,,,,,https://www.qurancomplex.gov.sa/,https://www.quran.co.com
E:/qr/qr-images/images.qurancomplex.gov.sa/publications/bk_fatawa_27/550/pdf/book_fatawa_27.pdf,book_fatawa_27,,FALSE,FALSE,FALSE,TRUE,FALSE,,,,,,,,,,,,,,,,,,,,,https://www.qurancomplex.gov.sa/,https://www.quran.co.com
E:/qr/qr-images/images.qurancomplex.gov.sa/publications/bk_fatawa_26/550/pdf/book_fatawa_26.pdf,book_fatawa_26,,FALSE,FALSE,FALSE,TRUE,FALSE,,,,,,,,,,,,,,,,,,,,,https://www.qurancomplex.gov.sa/,https://www.quran.co.com
E:/qr/qr-images/images.qurancomplex.gov.sa/publications/bk_fatawa_25/550/pdf/book_fatawa_25.pdf,book_fatawa_25,,FALSE,FALSE,FALSE,TRUE,FALSE,,,,,,,,,,,,,,,,,,,,,https://www.qurancomplex.gov.sa/,https://www.quran.co.com
E:/qr/qr-images/images.qurancomplex.gov.sa/publications/bk_fatawa_24/550/pdf/book_fatawa_24.pdf,book_fatawa_24,,FALSE,FALSE,FALSE,TRUE,FALSE,,,,,,,,,,,,,,,,,,,,,https://www.qurancomplex.gov.sa/,https://www.quran.co.com
E:/qr/qr-images/images.qurancomplex.gov.sa/publications/bk_fatawa_23/550/pdf/book_fatawa_23.pdf,book_fatawa_23,,FALSE,FALSE,FALSE,TRUE,FALSE,,,,,,,,,,,,,,,,,,,,,https://www.qurancomplex.gov.sa/,https://www.quran.co.com
E:/qr/qr-images/images.qurancomplex.gov.sa/publications/bk_fatawa_22/550/pdf/book_fatawa_22.pdf,book_fatawa_22,,FALSE,FALSE,FALSE,TRUE,FALSE,,,,,,,,,,,,,,,,,,,,,https://www.qurancomplex.gov.sa/,https://www.quran.co.com
E:/qr/qr-images/images.qurancomplex.gov.sa/publications/bk_fatawa_21/550/pdf/book_fatawa_21.pdf,book_fatawa_21,,FALSE,FALSE,FALSE,TRUE,FALSE,,,,,,,,,,,,,,,,,,,,,https://www.qurancomplex.gov.sa/,https://www.quran.co.com
E:/qr/qr-images/images.qurancomplex.gov.sa/publications/bk_fatawa_18/550/pdf/book_fatawa_18.pdf,book_fatawa_18,,FALSE,FALSE,FALSE,TRUE,FALSE,,,,,,,,,,,,,,,,,,,,,https://www.qurancomplex.gov.sa/,https://www.quran.co.com
E:/qr/qr-images/images.qurancomplex.gov.sa/publications/bk_fatawa_17/550/pdf/book_fatawa_17.pdf,book_fatawa_17,,FALSE,FALSE,FALSE,TRUE,FALSE,,,,,,,,,,,,,,,,,,,,,https://www.qurancomplex.gov.sa/,https://www.quran.co.com
E:/qr/qr-images/images.qurancomplex.gov.sa/publications/bk_fatawa_16/550/pdf/book_fatawa_16.pdf,book_fatawa_16,,FALSE,FALSE,FALSE,TRUE,FALSE,,,,,,,,,,,,,,,,,,,,,https://www.qurancomplex.gov.sa/,https://www.quran.co.com
E:/qr/qr-images/images.qurancomplex.gov.sa/publications/bk_fatawa_14/550/pdf/book_fatawa_14.pdf,book_fatawa_14,,FALSE,FALSE,FALSE,TRUE,FALSE,,,,,,,,,,,,,,,,,,,,,https://www.qurancomplex.gov.sa/,https://www.quran.co.com
E:/qr/qr-images/images.qurancomplex.gov.sa/publications/bk_fatawa_13/550/pdf/book_fatawa_13.pdf,book_fatawa_13,,FALSE,FALSE,FALSE,TRUE,FALSE,,,,,,,,,,,,,,,,,,,,,https://www.qurancomplex.gov.sa/,https://www.quran.co.com
E:/qr/qr-images/images.qurancomplex.gov.sa/publications/bk_fatawa_12/550/pdf/book_fatawa_12.pdf,book_fatawa_12,,FALSE,FALSE,FALSE,TRUE,FALSE,,,,,,,,,,,,,,,,,,,,,https://www.qurancomplex.gov.sa/,https://www.quran.co.com
E:/qr/qr-images/images.qurancomplex.gov.sa/publications/bk_fatawa_11/550/pdf/book_fatawa_11.pdf,book_fatawa_11,,FALSE,FALSE,FALSE,TRUE,FALSE,,,,,,,,,,,,,,,,,,,,,https://www.qurancomplex.gov.sa/,https://www.quran.co.com
E:/qr/qr-images/images.qurancomplex.gov.sa/publications/bk_fatawa_10/550/pdf/book_fatawa_10.pdf,book_fatawa_10,,FALSE,FALSE,FALSE,TRUE,FALSE,,,,,,,,,,,,,,,,,,,,,https://www.qurancomplex.gov.sa/,https://www.quran.co.com
E:/qr/qr-images/images.qurancomplex.gov.sa/publications/bk_fatawa_09/550/pdf/book_fatawa_09.pdf,book_fatawa_09,,FALSE,FALSE,FALSE,TRUE,FALSE,,,,,,,,,,,,,,,,,,,,,https://www.qurancomplex.gov.sa/,https://www.quran.co.com
E:/qr/qr-images/images.qurancomplex.gov.sa/publications/bk_fatawa_08/550/pdf/book_fatawa_08.pdf,book_fatawa_08,,FALSE,FALSE,FALSE,TRUE,FALSE,,,,,,,,,,,,,,,,,,,,,https://www.qurancomplex.gov.sa/,https://www.quran.co.com
E:/qr/qr-images/images.qurancomplex.gov.sa/publications/bk_fatawa_07/550/pdf/book_fatawa_07.pdf,book_fatawa_07,,FALSE,FALSE,FALSE,TRUE,FALSE,,,,,,,,,,,,,,,,,,,,,https://www.qurancomplex.gov.sa/,https://www.quran.co.com
E:/qr/qr-images/images.qurancomplex.gov.sa/publications/bk_fatawa_06/550/pdf/book_fatawa_06.pdf,book_fatawa_06,,FALSE,FALSE,FALSE,TRUE,FALSE,,,,,,,,,,,,,,,,,,,,,https://www.qurancomplex.gov.sa/,https://www.quran.co.com
E:/qr/qr-images/images.qurancomplex.gov.sa/publications/bk_fatawa_04/550/pdf/book_fatawa_04.pdf,book_fatawa_04,,FALSE,FALSE,FALSE,TRUE,FALSE,,,,,,,,,,,,,,,,,,,,,https://www.qurancomplex.gov.sa/,https://www.quran.co.com
E:/qr/qr-images/images.qurancomplex.gov.sa/publications/bk_fatawa_03/550/pdf/book_fatawa_03.pdf,book_fatawa_03,,FALSE,FALSE,FALSE,TRUE,FALSE,,,,,,,,,,,,,,,,,,,,,https://www.qurancomplex.gov.sa/,https://www.quran.co.com
E:/qr/qr-images/images.qurancomplex.gov.sa/publications/bk_fatawa_02/550/pdf/book_fatawa_02.pdf,book_fatawa_02,,FALSE,FALSE,FALSE,TRUE,FALSE,,,,,,,,,,,,,,,,,,,,,https://www.qurancomplex.gov.sa/,https://www.quran.co.com
E:/qr/qr-images/images.qurancomplex.gov.sa/publications/bk_fatawa_01/550/pdf/book_fatawa_01.pdf,book_fatawa_01,,FALSE,FALSE,FALSE,TRUE,FALSE,,,,,,,,,,,,,,,,,,,,,https://www.qurancomplex.gov.sa/,https://www.quran.co.com
E:/qr/qr-images/images.qurancomplex.gov.sa/publications/bk_fatawa_20/550/pdf/book_fatawa_20.pdf,book_fatawa_20,,FALSE,FALSE,FALSE,TRUE,FALSE,,,,,,,,,,,,,,,,,,,,,https://www.qurancomplex.gov.sa/,https://www.quran.co.com
E:/qr/qr-images/images.qurancomplex.gov.sa/publications/bk_fatawa_19/550/pdf/book_fatawa_19.pdf,book_fatawa_19,,FALSE,FALSE,FALSE,TRUE,FALSE,,,,,,,,,,,,,,,,,,,,,https://www.qurancomplex.gov.sa/,https://www.quran.co.com
E:/qr/qr-images/images.qurancomplex.gov.sa/publications/tafseer_muyassar/550/pdf/quran_tafseer_muyassar.pdf,quran_tafseer_muyassar,,FALSE,FALSE,FALSE,TRUE,TRUE,,,,,,,,,,,,,,,,,,,,,https://www.qurancomplex.gov.sa/,https://www.quran.co.com
E:/qr/qr-images/images.qurancomplex.gov.sa/publications/q_30_shubah/550/pdf/quran_mushaf_shubah_recitation.pdf,quran_mushaf_shubah_recitation,,TRUE,FALSE,TRUE,FALSE,FALSE,,Shu'bah,,,,,,,,,,,,,,,,,,,https://www.qurancomplex.gov.sa/,https://www.quran.co.com
E:/qr/qr-images/images.qurancomplex.gov.sa/publications/kitabat_almushaf/550/pdf/book_kitabat_almushaf.pdf,book_kitabat_almushaf,,FALSE,FALSE,FALSE,TRUE,FALSE,,,,,,,,,,,,,,,,,,,,,https://www.qurancomplex.gov.sa/,https://www.quran.co.com
E:/qr/qr-images/images.qurancomplex.gov.sa/publications/fiqh_muyassar/550/pdf/book_fiqh_muyassar.pdf,book_fiqh_muyassar,,FALSE,FALSE,FALSE,TRUE,FALSE,,,,,,,,,,,,,,,,,,,,,https://www.qurancomplex.gov.sa/,https://www.quran.co.com
E:/qr/qr-images/images.qurancomplex.gov.sa/publications/douri/550/pdf/quran_mushaf_douri_recitation.pdf,quran_mushaf_douri_recitation,,TRUE,FALSE,TRUE,FALSE,FALSE,,Al-Duri,,,,,,,,,,,,,,,,,,,https://www.qurancomplex.gov.sa/,https://www.quran.co.com
E:/qr/qr-images/images.qurancomplex.gov.sa/publications/bk_thikr_wa_duaa_urdu/550/pdf/book_thikr_wa_duaa_urdu.pdf,book_thikr_wa_duaa_urdu,,FALSE,FALSE,FALSE,TRUE,FALSE,,,,,,,,,,,,,,,,,,,,,https://www.qurancomplex.gov.sa/,https://www.quran.co.com
E:/qr/qr-images/images.qurancomplex.gov.sa/publications/bk_thikr_wa_duaa_english/550/pdf/book_thikr_wa_duaa_english.pdf,book_thikr_wa_duaa_english,,FALSE,FALSE,FALSE,TRUE,FALSE,,,,,,,,,,,,,,,,,,,,,https://www.qurancomplex.gov.sa/,https://www.quran.co.com
E:/qr/qr-images/images.qurancomplex.gov.sa/publications/bk_osoul_eman_ukrainian/550/pdf/book_osoul_eman_ukrainian.pdf,book_osoul_eman_ukrainian,,FALSE,FALSE,FALSE,TRUE,FALSE,,,,,,,,,,,,,,,,,,,,,https://www.qurancomplex.gov.sa/,https://www.quran.co.com
E:/qr/qr-images/images.qurancomplex.gov.sa/publications/bk_osoul_eman_russian/550/pdf/book_osoul_eman_russian.pdf,book_osoul_eman_russian,,FALSE,FALSE,FALSE,TRUE,FALSE,,,,,,,,,,,,,,,,,,,,,https://www.qurancomplex.gov.sa/,https://www.quran.co.com
E:/qr/qr-images/images.qurancomplex.gov.sa/publications/bk_osoul_eman_english/550/pdf/book_osoul_eman_english.pdf,book_osoul_eman_english,,FALSE,FALSE,FALSE,TRUE,FALSE,,,,,,,,,,,,,,,,,,,,,https://www.qurancomplex.gov.sa/,https://www.quran.co.com
E:/qr/qr-images/images.qurancomplex.gov.sa/publications/bk_osoul_eman_chinese/550/pdf/book_osoul_eman_chinese.pdf,book_osoul_eman_chinese,,FALSE,FALSE,FALSE,TRUE,FALSE,,,,,,,,,,,,,,,,,,,,,https://www.qurancomplex.gov.sa/,https://www.quran.co.com
E:/qr/qr-images/images.qurancomplex.gov.sa/publications/bk_misbah_muneer_chinese/550/pdf/book_misbah_muneer_chinese.pdf,book_misbah_muneer_chinese,,FALSE,FALSE,FALSE,TRUE,FALSE,,,,,,,,,,,,,,,,,,,,,https://www.qurancomplex.gov.sa/,https://www.quran.co.com
E:/qr/qr-images/images.qurancomplex.gov.sa/publications/a_70_nastaleeq/550/pdf/quran_mushaf_nastaleeq.pdf,quran_mushaf_nastaleeq,,TRUE,FALSE,TRUE,FALSE,FALSE,,,complete,,,,,,,,,,,,,,,,,,https://www.qurancomplex.gov.sa/,https://www.quran.co.com
E:/qr/qr-images/images.qurancomplex.gov.sa/publications/31_warsh/550/pdf/quran_mushaf_warsh_recitation.pdf,quran_mushaf_warsh_recitation,,TRUE,FALSE,TRUE,FALSE,FALSE,,,complete,,,,,,,,,,,,,,,,,,https://www.qurancomplex.gov.sa/,https://www.quran.co.com
E:/qr/qr-images/images.qurancomplex.gov.sa/publications/07_wasat/550/pdf/quran_mushaf_wasat_01.pdf,quran_mushaf_wasat_01,,TRUE,FALSE,TRUE,FALSE,FALSE,,,complete,,,,,,,,,,,,,,,,,,https://www.qurancomplex.gov.sa/,https://www.quran.co.com
E:/qr/qr-images/images.qurancomplex.gov.sa/publications/05_standard2/550/pdf/quran_mushaf_standard_02.pdf,quran_mushaf_standard_02,,TRUE,FALSE,TRUE,FALSE,FALSE,,,complete,,,,,,,,,,,,,,,,,,https://www.qurancomplex.gov.sa/,https://www.quran.co.com
E:/qr/qr-images/images.qurancomplex.gov.sa/publications/04_standard1/550/pdf/quran_mushaf_standard_01.pdf,quran_mushaf_standard_01,,TRUE,FALSE,TRUE,FALSE,FALSE,,,complete,,,,,,,,,,,,,,,,,,https://www.qurancomplex.gov.sa/,https://www.quran.co.com
E:/qr/qr-images/images.qurancomplex.gov.sa/publications/02_jawamee/550/pdf/quran_mushaf_jawamee_01.pdf,quran_mushaf_jawamee_01,,TRUE,FALSE,TRUE,FALSE,FALSE,,,complete,,,,,,,,,,,,,,,,,,https://www.qurancomplex.gov.sa/,https://www.quran.co.com
E:/qr/qr-images/images.qurancomplex.gov.sa/publications/01_big/550/pdf/quran_mushaf_big_01.pdf,quran_mushaf_big_01,,TRUE,FALSE,TRUE,FALSE,FALSE,,,complete,,,,,,,,,,,,,,,,,,https://www.qurancomplex.gov.sa/,https://www.quran.co.com
E:/qr/qr-images/images.qurancomplex.gov.sa/publications/portuguese/550/pdf/quran_meanings_translation_portuguese.pdf,quran_meanings_translation_portuguese,,FALSE,TRUE,FALSE,FALSE,FALSE,,,complete,FALSE,Português,Portuguese,Idioma de tradução,البرتغالية,ترجمة معاني القرآن الكريم إلى اللغة البرتغالية,pt,Dr. Helmy Nasr,الدكتور حلمي نصر,Translation of the Meanings of the Quran into Portuguese language,Translation of the Meanings of the Quran into Portuguese,Tradução dos Significados do Alcorão para a língua portuguesa quran meaning translation book download pdf islam,Tradução dos Significados do Alcorão para a língua portuguesa,tradução-dos-significados-do-alcorão-para-a-língua-portuguesa,,,,https://qurancomplex.gov.sa/en/kfgqpc-quran-translate/,https://www.quran.co.com
E:/qr/qr-images/images.qurancomplex.gov.sa/publications/malibari/550/pdf/quran_meanings_translation_malibari.pdf,quran_meanings_translation_malibari,,TRUE,TRUE,FALSE,FALSE,FALSE,,,complete,FALSE,മലയാളം,Malayalam,,,,ml,,,Translation of the Meanings of the Quran into Malayalam language,Translation of the Meanings of the Quran into Malayalam,ഖുർആനിൻ്റെ അർത്ഥം മലയാളത്തിലേക്ക് വിവർത്തനം ചെയ്യുക quran meaning translation book download pdf islam,ഖുർആനിൻ്റെ അർത്ഥം മലയാളത്തിലേക്ക് വിവർത്തനം ചെയ്യുക,ഖുർആനിൻ്റെ-അർത്ഥം-മലയാളത്തിലേക്ക്-വിവർത്തനം-ചെയ്യുക,,,,https://www.qurancomplex.gov.sa/,https://www.quran.co.com
E:/qr/qr-images/images.qurancomplex.gov.sa/publications/italian/550/pdf/quran_meanings_translation_italian.pdf,quran_meanings_translation_italian,,FALSE,TRUE,FALSE,FALSE,FALSE,,,complete,FALSE,Italiano,Italian,Lingua di traduzione,الإيطالية,ترجمة معاني القرآن الكريم إلى اللغة الإيطالية,it,Hamza Roberto Piccardo,حمزة روبيرتو بيكاردو,Translation of the Meanings of the Quran into Italian language,Translation of the Meanings of the Quran into Italian,Traduzione dei significati del Corano in lingua italiana quran meaning translation book download pdf islam,Traduzione dei significati del Corano in lingua italiana,traduzione-dei-significati-del-corano-in-lingua-italiana,,,,https://qurancomplex.gov.sa/en/kfgqpc-quran-translate/,https://www.quran.co.com
E:/qr/qr-images/images.qurancomplex.gov.sa/publications/iranouniya/550/pdf/quran_meanings_translation_iranouniya.pdf,quran_meanings_translation_iranouniya,,FALSE,TRUE,FALSE,FALSE,FALSE,,,complete,FALSE,Iranon,Iranun,Translation language,الإيرانونية,ترجمة معاني القرآن الكريم إلى اللغة الإيرانونية,phi,Shaikh Abdulaziz Gro A’lem Sarumantang,الشيخ عبد العزيز غرو عالم سارومنتانج,Translation of the Meanings of the Quran into Iranun language,Translation of the Meanings of the Quran into Iranun,So Qur'an al Karim ago so Kiya pema ana iron ko basa a iranon sa pilimpinas quran meaning translation book download pdf islam,So Qur'an al Karim ago so Kiya pema ana iron ko basa a iranon sa pilimpinas,so-qur'an-al-karim-ago-so-kiya-pema-ana-iron-ko-basa-a-iranon-sa-pilimpinas,,,,https://qurancomplex.gov.sa/en/kfgqpc-quran-translate/,https://www.quran.co.com
E:/qr/qr-images/images.qurancomplex.gov.sa/publications/indonesian/550/pdf/quran_meanings_translation_indonesian.pdf,quran_meanings_translation_indonesian,,TRUE,TRUE,FALSE,FALSE,FALSE,,,complete,FALSE,bahasa Indonesia,Indonesian,,,,id,,,Translation of the Meanings of the Quran into Indonesian language,Translation of the Meanings of the Quran into Indonesian,Terjemahan Makna Al-Qur'an ke dalam bahasa Indonesia quran meaning translation book download pdf islam,Terjemahan Makna Al-Qur'an ke dalam bahasa Indonesia,terjemahan-makna-al-qur'an-ke-dalam-bahasa-indonesia,,,,https://www.qurancomplex.gov.sa/,https://www.quran.co.com
E:/qr/qr-images/images.qurancomplex.gov.sa/publications/hungarian/550/pdf/quran_meanings_translation_hungarian.pdf,quran_meanings_translation_hungarian,,FALSE,TRUE,FALSE,FALSE,FALSE,,,complete,FALSE,Magyar,Hungarian,Fordítási nyelv,المجرية,ترجمة معاني القرآن الكريم إلى اللغة المجرية,hu,Dr. Ahmad Abdulrahman Okfat Chaba,الدكتور أحمد عبد الرحمن أوكفات تشابا,Translation of the Meanings of the Quran into Hungarian language,Translation of the Meanings of the Quran into Hungarian,A Korán jelentéseinek fordítása magyar nyelvre quran meaning translation book download pdf islam,A Korán jelentéseinek fordítása magyar nyelvre,a-korán-jelentéseinek-fordítása-magyar-nyelvre,,,,https://qurancomplex.gov.sa/en/kfgqpc-quran-translate/,https://www.quran.co.com
E:/qr/qr-images/images.qurancomplex.gov.sa/publications/hausa/550/pdf/quran_meanings_translation_hausa.pdf,quran_meanings_translation_hausa,,FALSE,TRUE,FALSE,FALSE,FALSE,,,complete,FALSE,Hausa,Hausa,Harshen fassara,الهوسا,ترجمة معاني القرآن الكريم إلى اللغة الهوسا,ha,Shaikh Abu Bakr Mahmoud Jumi,الشيخ أبي بكر محمود جومي,Translation of the Meanings of the Quran into Hausa language,Translation of the Meanings of the Quran into Hausa,Fassarar Ma'anonin Alqur'ani zuwa harshen Hausa quran meaning translation book download pdf islam,Fassarar Ma'anonin Alqur'ani zuwa harshen Hausa,fassarar-ma'anonin-alqur'ani-zuwa-harshen-hausa,,,,https://qurancomplex.gov.sa/en/kfgqpc-quran-translate/,https://www.quran.co.com
E:/qr/qr-images/images.qurancomplex.gov.sa/publications/french_hafs/550/pdf/quran_meanings_translation_french_hafs.pdf,quran_meanings_translation_french_hafs,,FALSE,TRUE,FALSE,FALSE,FALSE,,,complete,FALSE,Français,French,Langue de traduction,الفرنسية,ترجمة معاني القرآن الكريم إلى اللغة الفرنسية,fr,Dr. Mohammad Hameed Ullah,الدكتور محمد حميد الله,Translation of the Meanings of the Quran into French language,Translation of the Meanings of the Quran into French,Traduction des sens du Coran en langue française quran meaning translation book download pdf islam,Traduction des sens du Coran en langue française,traduction-des-sens-du-coran-en-langue-française,,,,https://qurancomplex.gov.sa/en/kfgqpc-quran-translate/,https://www.quran.co.com
E:/qr/qr-images/images.qurancomplex.gov.sa/publications/english_only/550/pdf/quran_meanings_translation_english_only.pdf,quran_meanings_translation_english_only,,FALSE,TRUE,FALSE,FALSE,FALSE,,,complete,TRUE,English,English,Translation language,الإنجليزية,ترجمة معاني القرآن الكريم إلى اللغة الإنجليزية,en,Mohammad Taqi-Ud-Din Al-Hilali and Dr. Mohammad Mohsin Khan,الدكتور/ محمد تقي الدين الهلالي، والدكتور محمد محسن خان,Translation of the Meanings of the Quran into English language,Translation of the Meanings of the Quran into English,Translation of the Meanings of the Quran into English language quran meaning translation book download pdf islam,Translation of the Meanings of the Quran into English language,translation-of-the-meanings-of-the-quran-into-english-language,,,,https://qurancomplex.gov.sa/en/kfgqpc-quran-translate/,https://www.quran.co.com
E:/qr/qr-images/images.qurancomplex.gov.sa/publications/chinese/550/pdf/quran_meanings_translation_chinese.pdf,quran_meanings_translation_chinese,,TRUE,TRUE,FALSE,FALSE,FALSE,,,complete,FALSE,中国人,Chinese,,,,zh,,,Translation of the Meanings of the Quran into Chinese language,Translation of the Meanings of the Quran into Chinese,古兰经的意义翻译成中文 quran meaning translation book download pdf islam,古兰经的意义翻译成中文,古兰经的意义翻译成中文,,,,https://www.qurancomplex.gov.sa/,https://www.quran.co.com
E:/qr/qr-images/images.qurancomplex.gov.sa/publications/anko/550/pdf/quran_meanings_translation_anko.pdf,quran_meanings_translation_anko,,TRUE,TRUE,FALSE,FALSE,FALSE,,,complete,FALSE,ߒߞߏ,N'Ko,,,,nqo,,,Translation of the Meanings of the Quran into N'Ko language,Translation of the Meanings of the Quran into N'Ko,"ߞߎ߬ߙߣߊ߬ ߞߟߊߒߞߋ ߞߘߐ ߟߎ߬ ߘߟߊߡߌߘߊ - ߡߊ߲߬ߘߋ߲߫ ߝߘߏ߬ߓߊ߬ߞߊ߲ ""ߒߞߏ"" ߘߟߊߡߌߘߊ quran meaning translation book download pdf islam","ߞߎ߬ߙߣߊ߬ ߞߟߊߒߞߋ ߞߘߐ ߟߎ߬ ߘߟߊߡߌߘߊ - ߡߊ߲߬ߘߋ߲߫ ߝߘߏ߬ߓߊ߬ߞߊ߲ ""ߒߞߏ"" ߘߟߊߡߌߘߊ","ߞߎ߬ߙߣߊ߬-ߞߟߊߒߞߋ-ߞߘߐ-ߟߎ߬-ߘߟߊߡߌߘߊ---ߡߊ߲߬ߘߋ߲߫-ߝߘߏ߬ߓߊ߬ߞߊ߲-""ߒߞߏ""-ߘߟߊߡߌߘߊ",,,,https://www.qurancomplex.gov.sa/,https://www.quran.co.com
E:/qr/qr-images/images.qurancomplex.gov.sa/publications/vietnami/550/pdf/quran_meanings_translation_vietnami.pdf,quran_meanings_translation_vietnami,,TRUE,TRUE,FALSE,FALSE,FALSE,,,complete,FALSE,Tiếng Việt,Vietnamese,,,,vi,,,Translation of the Meanings of the Quran into Vietnamese language,Translation of the Meanings of the Quran into Vietnamese,Dịch nghĩa của Kinh Qur'an sang tiếng Việt quran meaning translation book download pdf islam,Dịch nghĩa của Kinh Qur'an sang tiếng Việt,dịch-nghĩa-của-kinh-qur'an-sang-tiếng-việt,,,,https://www.qurancomplex.gov.sa/,https://www.quran.co.com
E:/qr/qr-images/images.qurancomplex.gov.sa/publications/urdu/550/pdf/quran_meanings_translation_urdu.pdf,quran_meanings_translation_urdu,,TRUE,TRUE,FALSE,FALSE,FALSE,,,complete,FALSE,اردو,Urdu,,,,ur,,,Translation of the Meanings of the Quran into Urdu language,Translation of the Meanings of the Quran into Urdu,قرآن کے معانی کا اردو زبان میں ترجمہ quran meaning translation book download pdf islam,قرآن کے معانی کا اردو زبان میں ترجمہ,قرآن-کے-معانی-کا-اردو-زبان-میں-ترجمہ,,,,https://www.qurancomplex.gov.sa/,https://www.quran.co.com
E:/qr/qr-images/images.qurancomplex.gov.sa/publications/turkish/550/pdf/quran_meanings_translation_turkish.pdf,quran_meanings_translation_turkish,,TRUE,TRUE,FALSE,FALSE,FALSE,,,complete,FALSE,Türkçe,Turkish,,,,tr,,,Translation of the Meanings of the Quran into Turkish language,Translation of the Meanings of the Quran into Turkish,Kur'an-ı Kerim Anlamlarının Türkçeye Tercümesi quran meaning translation book download pdf islam,Kur'an-ı Kerim Anlamlarının Türkçeye Tercümesi,kur'an-ı-kerim-anlamlarının-türkçeye-tercümesi,,,,https://www.qurancomplex.gov.sa/,https://www.quran.co.com
E:/qr/qr-images/images.qurancomplex.gov.sa/publications/trans_ukranian/550/pdf/quran_meanings_translation_ukranian.pdf,quran_meanings_translation_ukranian,,FALSE,TRUE,FALSE,FALSE,FALSE,,,complete,FALSE,українська,Ukrainian,Мова перекладу,الأُكْرانية,ترجمة معاني القرآن الكريم إلى اللغة الأُكْرانية,uk,Dr. Mykhailo Yakubovich,الدكتور ميخايلو يعقوبوفيتش,Translation of the Meanings of the Quran into Ukrainian language,Translation of the Meanings of the Quran into Ukrainian,Переклад смислів Корану українською мовою quran meaning translation book download pdf islam,Переклад смислів Корану українською мовою,переклад-смислів-корану-українською-мовою,,,,https://qurancomplex.gov.sa/en/kfgqpc-quran-translate/,https://www.quran.co.com
E:/qr/qr-images/images.qurancomplex.gov.sa/publications/trans_swedish/550/pdf/quran_meanings_translation_swedish.pdf,quran_meanings_translation_swedish,,FALSE,TRUE,FALSE,FALSE,FALSE,,,complete,FALSE,svenska,Swedish,Översättningsspråk,السويدية,ترجمة معاني القرآن الكريم إلى اللغة السويدية,sv,Shaikh Abdul Halim Yusuf,الشيخ عبد الحليم يوسف,Translation of the Meanings of the Quran into Swedish language,Translation of the Meanings of the Quran into Swedish,Översättning av Koranens betydelser till svenska quran meaning translation book download pdf islam,Översättning av Koranens betydelser till svenska,översättning-av-koranens-betydelser-till-svenska,,,,https://qurancomplex.gov.sa/en/kfgqpc-quran-translate/,https://www.quran.co.com
E:/qr/qr-images/images.qurancomplex.gov.sa/publications/trans_sindiya/550/pdf/quran_meanings_translation_sindiya.pdf,quran_meanings_translation_sindiya,,FALSE,TRUE,FALSE,FALSE,FALSE,,,complete,FALSE,سنڌي,Sindhi,ترجمي جي ٻولي,السندية,ترجمة معاني القرآن الكريم إلى اللغة السندية,sd,Shaikh Taj Mahmoud Al-Amroti,الشيخ تاج محمود الأمروتي,Translation of the Holy Quran in Sindhî,Translation of the Meanings of the Quran into Sindhi,سنڌيءَ ۾ قرآن مجيد جو ترجمو quran meaning translation book download pdf islam,سنڌيءَ ۾ قرآن مجيد جو ترجمو,سنڌيءَ-۾-قرآن-مجيد-جو-ترجمو,,,,https://qurancomplex.gov.sa/en/kfgqpc-quran-translate/,https://www.quran.co.com
E:/qr/qr-images/images.qurancomplex.gov.sa/publications/trans_russian/550/pdf/quran_meanings_translation_russian.pdf,quran_meanings_translation_russian,,FALSE,TRUE,FALSE,FALSE,FALSE,,,complete,FALSE,Русский,Russian,Язык перевода,الروسية,ترجمة معاني القرآن الكريم إلى اللغة الروسية,ru,Shaikh Abu Adel,الشيخ أبو عادل,Translation of the Meanings of the Quran into Russian language,Translation of the Meanings of the Quran into Russian,Перевод смыслов Корана на русский язык quran meaning translation book download pdf islam,Перевод смыслов Корана на русский язык,перевод-смыслов-корана-на-русский-язык,,,,https://qurancomplex.gov.sa/en/kfgqpc-quran-translate/,https://www.quran.co.com
E:/qr/qr-images/images.qurancomplex.gov.sa/publications/trans_malaghshiah_juzu_amma/550/pdf/quran_meanings_translation_malaghshiah_juzu_amma.pdf,quran_meanings_translation_malaghshiah_juzu_amma,,FALSE,TRUE,FALSE,FALSE,FALSE,,,juzu_amma,FALSE,Malagasy,Malagasy,Fiteny fandikan-teny,الملاغاشية,ترجمة معاني القرآن الكريم إلى اللغة الملاغاشية,mg,Shaikh Absar Saeed Arsin and others,الشيخ أبصار سعيد أرسين وآخرين,Translation of the Meanings of the Quran into Malagasy language,Translation of the Meanings of the Quran into Malagasy,Fandikana ny dikan'ny CORAN amin'ny teny malagasy quran meaning translation book download pdf islam,Fandikana ny dikan'ny CORAN amin'ny teny malagasy,fandikana-ny-dikan'ny-coran-amin'ny-teny-malagasy,,,,https://qurancomplex.gov.sa/en/kfgqpc-quran-translate/,https://www.quran.co.com
E:/qr/qr-images/images.qurancomplex.gov.sa/publications/trans_lingala_juzu_amma/550/pdf/quran_meanings_translation_lingala_juzu_amma.pdf,quran_meanings_translation_lingala_juzu_amma,,FALSE,TRUE,FALSE,FALSE,FALSE,,,juzu_amma,FALSE,Lingála,Lingala,Translation language,اللنغالا,ترجمة معاني القرآن الكريم إلى اللغة اللنغالا,ln,Shaikh Zakaria Mohammad,الشيخ زكريا محمد بالنغونغو,Translation of the Meanings of the Quran into Lingala language,Translation of the Meanings of the Quran into Lingala,Mkapo mwa bofungoli mpe na eteni ya likambo Mpe endimbolami na Lokoto ya lingala quran meaning translation book download pdf islam,Mkapo mwa bofungoli mpe na eteni ya likambo Mpe endimbolami na Lokoto ya lingala,mkapo-mwa-bofungoli-mpe-na-eteni-ya-likambo-mpe-endimbolami-na-lokoto-ya-lingala,,,,https://qurancomplex.gov.sa/en/kfgqpc-quran-translate/,https://www.quran.co.com
E:/qr/qr-images/images.qurancomplex.gov.sa/publications/trans_kyrgyz/550/pdf/quran_meanings_translation_kyrgyz.pdf,quran_meanings_translation_kyrgyz,,TRUE,TRUE,FALSE,FALSE,FALSE,,,complete,FALSE,Кыргызча,Kyrgyz,,,,ky,,,Translation of the Meanings of the Quran into Kyrgyz language,Translation of the Meanings of the Quran into Kyrgyz,Курандын маанилеринин кыргыз тилине которулушу quran meaning translation book download pdf islam,Курандын маанилеринин кыргыз тилине которулушу,курандын-маанилеринин-кыргыз-тилине-которулушу,,,,https://www.qurancomplex.gov.sa/,https://www.quran.co.com
E:/qr/qr-images/images.qurancomplex.gov.sa/publications/trans_kurdish/550/pdf/quran_meanings_translation_kurdish.pdf,quran_meanings_translation_kurdish,,TRUE,TRUE,FALSE,FALSE,FALSE,,,complete,FALSE,Kurdî,Kurdish,,,,ku,,,Translation of the Meanings of the Quran into Kurdish language,Translation of the Meanings of the Quran into Kurdish,Wergerandina Wateyên Quranê bo zimanê Kurdî quran meaning translation book download pdf islam,Wergerandina Wateyên Quranê bo zimanê Kurdî,wergerandina-wateyên-quranê-bo-zimanê-kurdî,,,,https://www.qurancomplex.gov.sa/,https://www.quran.co.com
E:/qr/qr-images/images.qurancomplex.gov.sa/publications/trans_hindi/550/pdf/quran_meanings_translation_hindi.pdf,quran_meanings_translation_hindi,,TRUE,TRUE,FALSE,FALSE,FALSE,,,complete,FALSE,हिंदी,Hindi,,,,hi,,,Translation of the Meanings of the Quran into Hindi language,Translation of the Meanings of the Quran into Hindi,कुरान के अर्थों का हिंदी भाषा में अनुवाद quran meaning translation book download pdf islam,कुरान के अर्थों का हिंदी भाषा में अनुवाद,कुरान-के-अर्थों-का-हिंदी-भाषा-में-अनुवाद,,,,https://www.qurancomplex.gov.sa/,https://www.quran.co.com
E:/qr/qr-images/images.qurancomplex.gov.sa/publications/trans_farsi/550/pdf/quran_meanings_translation_farsi.pdf,quran_meanings_translation_farsi,,FALSE,TRUE,FALSE,FALSE,FALSE,,,complete,FALSE,فارسی,Persian,زبان ترجمه,الفارسية,ترجمة معاني القرآن الكريم إلى اللغة الفارسية,fa,Shah Waliullah Dehlavi,الشاه وليّ الله الدهلوي,Translation of the Meanings of the Quran into Persian language,Translation of the Meanings of the Quran into Persian,ترجمه معانی قرآن به زبان فارسی quran meaning translation book download pdf islam,ترجمه معانی قرآن به زبان فارسی,ترجمه-معانی-قرآن-به-زبان-فارسی,,,,https://qurancomplex.gov.sa/en/kfgqpc-quran-translate/,https://www.quran.co.com
E:/qr/qr-images/images.qurancomplex.gov.sa/publications/trans_basaa/550/pdf/quran_meanings_translation_basaa.pdf,quran_meanings_translation_basaa,,TRUE,TRUE,FALSE,FALSE,FALSE,,,complete,FALSE,ɓasaá,Basaa,,,,bas,,,Translation of the Meanings of the Quran into Basaa language,Translation of the Meanings of the Quran into Basaa,Kur-an i limpéba lôñni ngobol i minlôñ ñwé'i hop' basaa quran meaning translation book download pdf islam,Kur-an i limpéba lôñni ngobol i minlôñ ñwé'i hop' basaa,kur-an-i-limpéba-lôñni-ngobol-i-minlôñ-ñwé'i-hop'-basaa,,,,https://www.qurancomplex.gov.sa/,https://www.quran.co.com
E:/qr/qr-images/images.qurancomplex.gov.sa/publications/trans_azerbaijani/550/pdf/quran_meanings_translation_azerbaijani.pdf,quran_meanings_translation_azerbaijani,,TRUE,TRUE,FALSE,FALSE,FALSE,,,complete,FALSE,Azərbaycan,Azerbaijani,,,,az,,,Translation of the Meanings of the Quran into Azerbaijani language,Translation of the Meanings of the Quran into Azerbaijani,Qurani-Kərimin mənalarının Azərbaycan dilinə tərcüməsi quran meaning translation book download pdf islam,Qurani-Kərimin mənalarının Azərbaycan dilinə tərcüməsi,qurani-kərimin-mənalarının-azərbaycan-dilinə-tərcüməsi,,,,https://www.qurancomplex.gov.sa/,https://www.quran.co.com
E:/qr/qr-images/images.qurancomplex.gov.sa/publications/trans_amazigi/550/pdf/quran_meanings_translation_amazigi.pdf,quran_meanings_translation_amazigi,,TRUE,TRUE,FALSE,FALSE,FALSE,,,complete,FALSE,تَمَزِيغت,Standard Moroccan Tamazight,,,,zgh,,,Translation of the Meanings of the Quran into Tamazight language,Translation of the Meanings of the Quran into Standard Moroccan Tamazight,لُقْرَانْ الْعَظِيمْ ذُتَرْجَمْ اَلَّمْعَايْنِيسْ غَاللُّغَه اَتْمَازِيغْثْ quran meaning translation book download pdf islam,لُقْرَانْ الْعَظِيمْ ذُتَرْجَمْ اَلَّمْعَايْنِيسْ غَاللُّغَه اَتْمَازِيغْثْ,لُقْرَانْ-الْعَظِيمْ-ذُتَرْجَمْ-اَلَّمْعَايْنِيسْ-غَاللُّغَه-اَتْمَازِيغْثْ,,,,https://www.qurancomplex.gov.sa/,https://www.quran.co.com
E:/qr/qr-images/images.qurancomplex.gov.sa/publications/telugu/550/pdf/quran_meanings_translation_telugu.pdf,quran_meanings_translation_telugu,,TRUE,TRUE,FALSE,FALSE,FALSE,,,complete,FALSE,తెలుగు,Telugu,,,,te,,,Translation of the Meanings of the Quran into Telugu language,Translation of the Meanings of the Quran into Telugu,తెలుగు భాషలోకి ఖురాన్ అర్థాల అనువాదం quran meaning translation book download pdf islam,తెలుగు భాషలోకి ఖురాన్ అర్థాల అనువాదం,తెలుగు-భాషలోకి-ఖురాన్-అర్థాల-అనువాదం,,,,https://www.qurancomplex.gov.sa/,https://www.quran.co.com
E:/qr/qr-images/images.qurancomplex.gov.sa/publications/tamil/550/pdf/quran_meanings_translation_tamil.pdf,quran_meanings_translation_tamil,,FALSE,TRUE,FALSE,FALSE,FALSE,,,complete,FALSE,தமிழ்,Tamil,மொழிபெயர்ப்பு மொழி,التاميلية,ترجمة معاني القرآن الكريم إلى اللغة التاميلية,ta,Shaikh Abdul Hamid Al-Baqawi,الشيخ عبد الحميد الباقوي,Translation of the Meanings of the Quran into Tamil language,Translation of the Meanings of the Quran into Tamil,குர்ஆனின் அர்த்தங்களை தமிழ் மொழியில் மொழிபெயர்ப்பது quran meaning translation book download pdf islam,குர்ஆனின் அர்த்தங்களை தமிழ் மொழியில் மொழிபெயர்ப்பது,குர்ஆனின்-அர்த்தங்களை-தமிழ்-மொழியில்-மொழிபெயர்ப்பது,,,,https://qurancomplex.gov.sa/en/kfgqpc-quran-translate/,https://www.quran.co.com
E:/qr/images/qiraat/warsh/pdf/quran_recitation_warsh.pdf,quran_recitation_warsh,warsh,FALSE,FALSE,TRUE,FALSE,FALSE,ورش,Warsh,complete,,,,,,,,,,القرآن الكريم مصحف رواية ورش,القرآن الكريم مصحف رواية ورش,القرآن الكريم مصحف رواية ورش quran pdf تحميل,القرآن الكريم مصحف رواية ورش,القرآن-الكريم-مصحف-رواية-ورش,https://epub.qurancomplex.gov.sa/issues/qiraat/warsh/files/pages/tablet/,https://epub.qurancomplex.gov.sa/issues/qiraat/warsh/,https://epub.qurancomplex.gov.sa/issues/qiraat/warsh/offline/download.pdf,https://qurancomplex.gov.sa/kfgqpc-quran-qiraat/,https://www.quran.co.com
E:/qr/images/qiraat/douri/pdf/quran_recitation_douri.pdf,quran_recitation_douri,douri,FALSE,FALSE,TRUE,FALSE,FALSE,الدوري,Al-Duri,complete,,,,,,,,,,القرآن الكريم مصحف رواية الدوري,القرآن الكريم مصحف رواية الدوري,القرآن الكريم مصحف رواية الدوري quran pdf تحميل,القرآن الكريم مصحف رواية الدوري,القرآن-الكريم-مصحف-رواية-الدوري,https://epub.qurancomplex.gov.sa/issues/qiraat/douri/files/pages/tablet/,https://epub.qurancomplex.gov.sa/issues/qiraat/douri/,https://epub.qurancomplex.gov.sa/issues/qiraat/douri/offline/download.pdf,https://qurancomplex.gov.sa/kfgqpc-quran-qiraat/,https://www.quran.co.com
E:/qr/images/qiraat/qaloun/pdf/quran_recitation_qaloun.pdf,quran_recitation_qaloun,qaloun,FALSE,FALSE,TRUE,FALSE,FALSE,قالون,Qalun,complete,,,,,,,,,,القرآن الكريم مصحف رواية قالون,القرآن الكريم مصحف رواية قالون,القرآن الكريم مصحف رواية قالون quran pdf تحميل,القرآن الكريم مصحف رواية قالون,القرآن-الكريم-مصحف-رواية-قالون,https://epub.qurancomplex.gov.sa/issues/qiraat/qaloun/files/pages/tablet/,https://epub.qurancomplex.gov.sa/issues/qiraat/qaloun/,https://epub.qurancomplex.gov.sa/issues/qiraat/qaloun/offline/download.pdf,https://qurancomplex.gov.sa/kfgqpc-quran-qiraat/,https://www.quran.co.com
E:/qr/images/qiraat/shuba/pdf/quran_recitation_shuba.pdf,quran_recitation_shuba,shuba,FALSE,FALSE,TRUE,FALSE,FALSE,شعبة,Shu'bah,complete,,,,,,,,,,القرآن الكريم مصحف رواية شعبة,القرآن الكريم مصحف رواية شعبة,القرآن الكريم مصحف رواية شعبة quran pdf تحميل,القرآن الكريم مصحف رواية شعبة,القرآن-الكريم-مصحف-رواية-شعبة,https://epub.qurancomplex.gov.sa/issues/qiraat/shuba/files/pages/tablet/,https://epub.qurancomplex.gov.sa/issues/qiraat/shuba/,https://epub.qurancomplex.gov.sa/issues/qiraat/shuba/offline/download.pdf,https://qurancomplex.gov.sa/kfgqpc-quran-qiraat/,https://www.quran.co.com
E:/qr/images/qiraat/sousi/pdf/quran_recitation_sousi.pdf,quran_recitation_sousi,sousi,FALSE,FALSE,TRUE,FALSE,FALSE,السوسي,Al-Susi,complete,,,,,,,,,,القرآن الكريم مصحف رواية السوسي,القرآن الكريم مصحف رواية السوسي,القرآن الكريم مصحف رواية السوسي quran pdf تحميل,القرآن الكريم مصحف رواية السوسي,القرآن-الكريم-مصحف-رواية-السوسي,https://epub.qurancomplex.gov.sa/issues/qiraat/sousi/files/pages/tablet/,https://epub.qurancomplex.gov.sa/issues/qiraat/sousi/,https://epub.qurancomplex.gov.sa/issues/qiraat/sousi/offline/download.pdf,https://qurancomplex.gov.sa/kfgqpc-quran-qiraat/,https://www.quran.co.com
E:/qr/images/hafs/mumtaz/pdf/quran_hafs_mumtaz.pdf,quran_hafs_mumtaz,mumtaz,FALSE,FALSE,TRUE,FALSE,FALSE,حفص,Hafs,complete,,,,,,,,,,القرآن الكريم المصحف الممتاز,القرآن الكريم المصحف الممتاز,القرآن الكريم المصحف الممتاز quran pdf تحميل,القرآن الكريم المصحف الممتاز,القرآن-الكريم-المصحف-الممتاز,https://epub.qurancomplex.gov.sa/issues/hafs/mumtaz/files/pages/tablet/,https://epub.qurancomplex.gov.sa/issues/hafs/mumtaz/,https://epub.qurancomplex.gov.sa/issues/hafs/mumtaz/offline/download.pdf,https://qurancomplex.gov.sa/kfgqpc-quran-hafs/,https://www.quran.co.com
E:/qr/images/hafs/khass1brown/pdf/quran_hafs_khass1brown.pdf,quran_hafs_khass1brown,khass1brown,FALSE,FALSE,TRUE,FALSE,FALSE,حفص,Hafs,complete,,,,,,,,,,القرآن الكريم المصحف الخاص,القرآن الكريم المصحف الخاص,القرآن الكريم المصحف الخاص quran pdf تحميل,القرآن الكريم المصحف الخاص,القرآن-الكريم-المصحف-الخاص,https://epub.qurancomplex.gov.sa/issues/hafs/khass1brown/files/pages/tablet/,https://epub.qurancomplex.gov.sa/issues/hafs/khass1brown/,https://epub.qurancomplex.gov.sa/issues/hafs/khass1brown/offline/download.pdf,https://qurancomplex.gov.sa/kfgqpc-quran-hafs/,https://www.quran.co.com
E:/qr/images/hafs/kabeertwo/pdf/quran_hafs_kabeertwo.pdf,quran_hafs_kabeertwo,kabeertwo,FALSE,FALSE,TRUE,FALSE,FALSE,حفص,Hafs,complete,,,,,,,,,,القرآن الكريم المصحف الكبير,القرآن الكريم المصحف الكبير,القرآن الكريم المصحف الكبير quran pdf تحميل,القرآن الكريم المصحف الكبير,القرآن-الكريم-المصحف-الكبير,https://epub.qurancomplex.gov.sa/issues/hafs/kabeertwo/files/pages/tablet/,https://epub.qurancomplex.gov.sa/issues/hafs/kabeertwo/,https://epub.qurancomplex.gov.sa/issues/hafs/kabeertwo/offline/download.pdf,https://qurancomplex.gov.sa/kfgqpc-quran-hafs/,https://www.quran.co.com
E:/qr/images/hafs/jawamee/quran_hafs_jawamee.pdf,quran_hafs_jawamee,jawamee39,TRUE,FALSE,TRUE,FALSE,FALSE,حفص,Hafs,complete,,,,,,,,,,,,,,,https://epub.qurancomplex.gov.sa/issues/hafs/jawamee39/files/pages/tablet/,https://epub.qurancomplex.gov.sa/issues/hafs/jawamee39/,https://epub.qurancomplex.gov.sa/issues/hafs/jawamee39/offline/download.pdf,https://www.qurancomplex.gov.sa/,https://www.quran.co.com
E:/qr/images/hafs/jawameethree/pdf/quran_hafs_jawameethree.pdf,quran_hafs_jawameethree,jawameethree,FALSE,FALSE,TRUE,FALSE,FALSE,حفص,Hafs,complete,,,,,,,,,,القرآن الكريم المصحف الجوامعي,القرآن الكريم المصحف الجوامعي,القرآن الكريم المصحف الجوامعي pdf تحميل,القرآن الكريم المصحف الجوامعي,القرآن-الكريم-المصحف-الجوامعي,https://epub.qurancomplex.gov.sa/issues/hafs/jawameethree/files/pages/tablet/,https://epub.qurancomplex.gov.sa/issues/hafs/jawameethree/,https://epub.qurancomplex.gov.sa/issues/hafs/jawameethree/offline/download.pdf,https://qurancomplex.gov.sa/kfgqpc-quran-hafs/,https://www.quran.co.com
E:/qr/images/hafs/standard/quran_hafs_standard.pdf,quran_hafs_standard,standard39,TRUE,FALSE,TRUE,FALSE,FALSE,حفص,Hafs,complete,,,,,,,,,,,,,,,https://epub.qurancomplex.gov.sa/issues/hafs/standard39/files/pages/tablet/,https://epub.qurancomplex.gov.sa/issues/hafs/standard39/,https://epub.qurancomplex.gov.sa/issues/hafs/standard39/offline/download.pdf,https://www.qurancomplex.gov.sa/,https://www.quran.co.com
E:/qr/images/hafs/standardthree/pdf/quran_hafs_standardthree.pdf,quran_hafs_standardthree,standardthree,FALSE,FALSE,TRUE,FALSE,FALSE,حفص,Hafs,complete,,,,,,,,,,القرآن الكريم المصحف العادي,القرآن الكريم المصحف العادي,القرآن الكريم المصحف العادي quran pdf تحميل,القرآن الكريم المصحف العادي,القرآن-الكريم-المصحف-العادي,https://epub.qurancomplex.gov.sa/issues/hafs/standardthree/files/pages/tablet/,https://epub.qurancomplex.gov.sa/issues/hafs/standardthree/,https://epub.qurancomplex.gov.sa/issues/hafs/standardthree/offline/download.pdf,https://qurancomplex.gov.sa/kfgqpc-quran-hafs/,https://www.quran.co.com
E:/qr/images/hafs/wasat/pdf/quran_hafs_wasat39.pdf,quran_hafs_wasat39,wasat39,FALSE,FALSE,TRUE,FALSE,FALSE,حفص,Hafs,complete,,,,,,,,,,القرآن الكريم المصحف الوسط,القرآن الكريم المصحف الوسط,القرآن الكريم المصحف الوسط quran pdf تحميل,القرآن الكريم المصحف الوسط,القرآن-الكريم-المصحف-الوسط,https://epub.qurancomplex.gov.sa/issues/hafs/wasat39/files/pages/tablet/,https://epub.qurancomplex.gov.sa/issues/hafs/wasat39/,https://epub.qurancomplex.gov.sa/issues/hafs/wasat39/offline/download.pdf,https://qurancomplex.gov.sa/kfgqpc-quran-hafs/,https://www.quran.co.com
E:/qr/images/hafs/jaib/pdf/quran_hafs_jaib.pdf,quran_hafs_jaib,jaib,FALSE,FALSE,TRUE,FALSE,FALSE,حفص,Hafs,complete,,,,,,,,,,القرآن الكريم مصحف الجيب,القرآن الكريم مصحف الجيب,القرآن الكريم مصحف الجيب quran pdf تحميل,القرآن الكريم مصحف الجيب,القرآن-الكريم-مصحف-الجيب,https://epub.qurancomplex.gov.sa/issues/hafs/jaib/files/pages/tablet/,https://epub.qurancomplex.gov.sa/issues/hafs/jaib/,https://epub.qurancomplex.gov.sa/issues/hafs/jaib/offline/download.pdf,https://qurancomplex.gov.sa/kfgqpc-quran-hafs/,https://www.quran.co.com
E:/qr/images/hafs/kaffi/pdf/quran_hafs_kaffi.pdf,quran_hafs_kaffi,kaffi,FALSE,FALSE,TRUE,FALSE,FALSE,حفص,Hafs,complete,,,,,,,,,,القرآن الكريم المصحف الكفي,القرآن الكريم المصحف الكفي,القرآن الكريم المصحف الكفي quran pdf تحميل,القرآن الكريم المصحف الكفي,القرآن-الكريم-المصحف-الكفي,https://epub.qurancomplex.gov.sa/issues/hafs/kaffi/files/pages/tablet/,https://epub.qurancomplex.gov.sa/issues/hafs/kaffi/,https://epub.qurancomplex.gov.sa/issues/hafs/kaffi/offline/download.pdf,https://qurancomplex.gov.sa/kfgqpc-quran-hafs/,https://www.quran.co.com
E:/qr/images/hafs/nastaleeq/pdf/quran_hafs_nastaleeq.pdf,quran_hafs_nastaleeq,nastaleeq,FALSE,FALSE,TRUE,FALSE,FALSE,حفص,Hafs,complete,,,,,,,,,,القرآن الكريم مصحف نستعليق,القرآن الكريم مصحف نستعليق,القرآن الكريم مصحف نستعليق quran pdf تحميل,القرآن الكريم مصحف نستعليق,القرآن-الكريم-مصحف-نستعليق,https://epub.qurancomplex.gov.sa/issues/hafs/nastaleeq/files/pages/tablet/,https://epub.qurancomplex.gov.sa/issues/hafs/nastaleeq/,https://epub.qurancomplex.gov.sa/issues/hafs/nastaleeq/offline/download.pdf,https://qurancomplex.gov.sa/kfgqpc-quran-hafs/,https://www.quran.co.com
E:/qr/images/hafs/rubuyassen/pdf/quran_hafs_rubuyassen.pdf,quran_hafs_rubuyassen,rubuyassen,FALSE,FALSE,TRUE,FALSE,FALSE,حفص,Hafs,The Yāsīn Quarter (Rubʻ),,,,,,,,,,القرآن الكريم ربع يس,القرآن الكريم ربع يس,القرآن الكريم ربع يس quran pdf تحميل,القرآن الكريم ربع يس,القرآن-الكريم-ربع-يس,https://epub.qurancomplex.gov.sa/issues/hafs/rubuyassen/files/pages/tablet/,https://epub.qurancomplex.gov.sa/issues/hafs/rubuyassen/,https://epub.qurancomplex.gov.sa/issues/hafs/rubuyassen/offline/download.pdf,https://qurancomplex.gov.sa/kfgqpc-quran-hafs/,https://www.quran.co.com
E:/qr/images/hafs/juzuqad/pdf/quran_hafs_juzuqad.pdf,quran_hafs_juzuqad,juzuqad,FALSE,FALSE,TRUE,FALSE,FALSE,حفص,Hafs,Juz' Qad Sami'a,,,,,,,,,,القرآن الكريم جزء قد سمع,القرآن الكريم جزء قد سمع,القرآن الكريم جزء قد سمع quran pdf تحميل,القرآن الكريم جزء قد سمع,القرآن-الكريم-جزء-قد-سمع,https://epub.qurancomplex.gov.sa/issues/hafs/juzuqad/files/pages/tablet/,https://epub.qurancomplex.gov.sa/issues/hafs/juzuqad/,https://epub.qurancomplex.gov.sa/issues/hafs/juzuqad/offline/download.pdf,https://qurancomplex.gov.sa/kfgqpc-quran-hafs/,https://www.quran.co.com
E:/qr/images/hafs/juzutabarak/pdf/quran_hafs_juzutabarak.pdf,quran_hafs_juzutabarak,juzutabarak,FALSE,FALSE,TRUE,FALSE,FALSE,حفص,Hafs,Juzu-Tabarak,,,,,,,,,,القرآن الكريم جزء تبارك,القرآن الكريم جزء تبارك,القرآن الكريم جزء تبارك quran pdf تحميل,القرآن الكريم جزء تبارك,القرآن-الكريم-جزء-تبارك,https://epub.qurancomplex.gov.sa/issues/hafs/juzutabarak/files/pages/tablet/,https://epub.qurancomplex.gov.sa/issues/hafs/juzutabarak/,https://epub.qurancomplex.gov.sa/issues/hafs/juzutabarak/offline/download.pdf,https://qurancomplex.gov.sa/kfgqpc-quran-hafs/,https://www.quran.co.com
E:/qr/images/hafs/juzuamma/pdf/quran_hafs_juzuamma.pdf,quran_hafs_juzuamma,juzuamma,FALSE,FALSE,TRUE,FALSE,FALSE,حفص,Hafs,al-Fatihah & Amma Juz',,,,,,,,,,القرآن الكريم الفاتحة وجزء عم,القرآن الكريم الفاتحة وجزء عم,القرآن الكريم الفاتحة وجزء عم quran pdf تحميل,القرآن الكريم الفاتحة وجزء عم,القرآن-الكريم-الفاتحة-وجزء-عم,https://epub.qurancomplex.gov.sa/issues/hafs/juzuamma/files/pages/tablet/,https://epub.qurancomplex.gov.sa/issues/hafs/juzuamma/,https://epub.qurancomplex.gov.sa/issues/hafs/juzuamma/offline/download.pdf,https://qurancomplex.gov.sa/kfgqpc-quran-hafs/,https://www.quran.co.com
E:/qr/images/translation/azerbaijani/pdf/quran_meanings_translation_azerbaijani.pdf,quran_meanings_translation_azerbaijani,azerbaijani,FALSE,TRUE,FALSE,FALSE,FALSE,,,complete,,Azərbaycan,Azerbaijani,Tərcümə dili,الأذريـة,ترجمة معاني القرآن الكريم إلى اللغة الأذريـة,az,Shaikh Ali Khan Musaev,الشيخ علي خان موساييف,Translation of the Meanings of the Quran into Azerbaijani language,Translation of the Meanings of the Quran into Azerbaijani language,Qurani-Kərimin mənalarının Azərbaycan dilinə tərcüməsi quran meaning translation book download pdf islam,Qurani-Kərimin mənalarının Azərbaycan dilinə tərcüməsi,qurani-kərimin-mənalarının-azərbaycan-dilinə-tərcüməsi,https://epub.qurancomplex.gov.sa/issues/translations/azerbaijani/files/pages/tablet/,https://epub.qurancomplex.gov.sa/issues/translations/azerbaijani/,https://epub.qurancomplex.gov.sa/issues/translations/azerbaijani/offline/download.pdf,https://qurancomplex.gov.sa/en/kfgqpc-quran-translate/,https://www.quran.co.com
E:/qr/images/translation/urdu/pdf/quran_meanings_translation_urdu.pdf,quran_meanings_translation_urdu,urdu,FALSE,TRUE,FALSE,FALSE,FALSE,,,complete,,اُردُو,Urdu,ترجمہ کی زبان,الأرديـــة,ترجمة معاني القرآن الكريم إلى اللغة الأرديـــة,ur,"Shaikh Mohammad Al Junakari, and interpreted by: Shaikh Salah Al-Din Yusuf",الشيخ محمد الجوناكرهي، وتفسير: الشيخ صلاح الدين يوسف,Translation of the Meanings of the Quran into Urdu language,Translation of the Meanings of the Quran into Urdu language,قرآن کے معانی کا اردو زبان میں ترجمہ quran meaning translation book download pdf islam,قرآن کے معانی کا اردو زبان میں ترجمہ,قرآن-کے-معانی-کا-اردو-زبان-میں-ترجمہ,https://epub.qurancomplex.gov.sa/issues/translations/urdu/files/pages/tablet/,https://epub.qurancomplex.gov.sa/issues/translations/urdu/,https://epub.qurancomplex.gov.sa/issues/translations/urdu/offline/download.pdf,https://qurancomplex.gov.sa/en/kfgqpc-quran-translate/,https://www.quran.co.com
E:/qr/images/translation/indonesian/pdf/quran_meanings_translation_indonesian.pdf,quran_meanings_translation_indonesian,indonesian,FALSE,TRUE,FALSE,FALSE,FALSE,,,complete,,Bahasa Indonesia,Indonesian,Bahasa terjemahan,الإندونيسية,ترجمة معاني القرآن الكريم إلى اللغة الإندونيسية,id,Indonesian Ministry of Religious Affairs,وزارة الشؤون الدينية الإندونيسية,Translation of the Meanings of the Quran into Indonesian language,Translation of the Meanings of the Quran into Indonesian language,Terjemahan Makna Al-Qur'an ke dalam bahasa Indonesia quran meaning translation book download pdf islam,Terjemahan Makna Al-Qur'an ke dalam bahasa Indonesia,terjemahan-makna-al-qur'an-ke-dalam-bahasa-indonesia,https://epub.qurancomplex.gov.sa/issues/translations/indonesian/files/pages/tablet/,https://epub.qurancomplex.gov.sa/issues/translations/indonesian/,https://epub.qurancomplex.gov.sa/issues/translations/indonesian/offline/download.pdf,https://qurancomplex.gov.sa/en/kfgqpc-quran-translate/,https://www.quran.co.com
E:/qr/images/translation/avar-1/pdf/quran_meanings_translation_avar_1.pdf,quran_meanings_translation_avar_1,avar-1,FALSE,TRUE,FALSE,FALSE,FALSE,,,complete,,Магlарул мацl,Avaric,Translation language,الأواريــة,ترجمة معاني القرآن الكريم إلى اللغة الأواريــة المجلد الأول,av,Shaikh Abd al-Rahim Sastli al-Daghestani,الشيخ عبد الرحيم ساستلي الداغستاني,Translation of the Meanings of the Quran into Avaric language - Part 1,Translation of the Meanings of the Quran into Avaric language,Хирияб Къуръан - Ва гьельул таржама ва тафсир МагӀарул мацІалда - ТӀоцебесеб жилд quran meaning translation book download pdf islam,Хирияб Къуръан - Ва гьельул таржама ва тафсир МагӀарул мацІалда - ТӀоцебесеб жилд,хирияб-къуръан---ва-гьельул-таржама-ва-тафсир-магӏарул-маціалда---тӏоцебесеб-жилд,https://epub.qurancomplex.gov.sa/issues/translations/avar-1/files/pages/tablet/,https://epub.qurancomplex.gov.sa/issues/translations/avar-1/,https://epub.qurancomplex.gov.sa/issues/translations/avar-1/offline/download.pdf,https://qurancomplex.gov.sa/en/kfgqpc-quran-translate/,https://www.quran.co.com
E:/qr/images/translation/avar-2/pdf/quran_meanings_translation_avar_2.pdf,quran_meanings_translation_avar_2,avar-2,FALSE,TRUE,FALSE,FALSE,FALSE,,,complete,,Магlарул мацl,Avaric,Translation language,الأواريــة,ترجمة معاني القرآن الكريم إلى اللغة الأواريــة المجلد الثاني,av,Shaikh Abd al-Rahim Sastli al-Daghestani,الشيخ عبد الرحيم ساستلي الداغستاني,Translation of the Meanings of the Quran into Avaric language - Part 2,Translation of the Meanings of the Quran into Avaric language,Хирияб Къуръан - Ва гьельул таржама ва тафсир МагӀарул мацІалда - КӀиабилеб жилд quran meaning translation book download pdf islam,Хирияб Къуръан - Ва гьельул таржама ва тафсир МагӀарул мацІалда - КӀиабилеб жилд,хирияб-къуръан---ва-гьельул-таржама-ва-тафсир-магӏарул-маціалда---кӏиабилеб-жилд,https://epub.qurancomplex.gov.sa/issues/translations/avar-2/files/pages/tablet/,https://epub.qurancomplex.gov.sa/issues/translations/avar-2/,https://epub.qurancomplex.gov.sa/issues/translations/avar-2/offline/download.pdf,https://qurancomplex.gov.sa/en/kfgqpc-quran-translate/,https://www.quran.co.com
E:/qr/images/translation/pashto-1/pdf/quran_meanings_translation_pashto_1.pdf,quran_meanings_translation_pashto_1,pashto-1,FALSE,TRUE,FALSE,FALSE,FALSE,,,complete,,پښتو,Pashto,د ژباړې ژبه,البشتو,ترجمة معاني القرآن الكريم إلى اللغة البشتو المجلد الأول,ps,a team of scholars,فريق من العلماء,Translation of the Meanings of the Quran into Pashto language - Part 1,Translation of the Meanings of the Quran into Pashto language,په پښتو ژبه د قرانکریم د معناګانو ژباړه - لومړۍ برخه quran meaning translation book download pdf islam,په پښتو ژبه د قرانکریم د معناګانو ژباړه - لومړۍ برخه,په-پښتو-ژبه-د-قرانکریم-د-معناګانو-ژباړه---لومړۍ-برخه,https://epub.qurancomplex.gov.sa/issues/translations/pashto-1/files/pages/tablet/,https://epub.qurancomplex.gov.sa/issues/translations/pashto-1/,https://epub.qurancomplex.gov.sa/issues/translations/pashto-1/offline/download.pdf,https://qurancomplex.gov.sa/en/kfgqpc-quran-translate/,https://www.quran.co.com
E:/qr/images/translation/pashto-2/pdf/quran_meanings_translation_pashto_2.pdf,quran_meanings_translation_pashto_2,pashto-2,FALSE,TRUE,FALSE,FALSE,FALSE,,,complete,,پښتو,Pashto,د ژباړې ژبه,البشتو,ترجمة معاني القرآن الكريم إلى اللغة البشتو المجلد الثاني,ps,a team of scholars,فريق من العلماء,Translation of the Meanings of the Quran into Pashto language - Part 2,Translation of the Meanings of the Quran into Pashto language,په پښتو ژبه د قرانکریم د معناګانو ژباړه - دویمه برخه quran meaning translation book download pdf islam,په پښتو ژبه د قرانکریم د معناګانو ژباړه - دویمه برخه,په-پښتو-ژبه-د-قرانکریم-د-معناګانو-ژباړه---دویمه-برخه,https://epub.qurancomplex.gov.sa/issues/translations/pashto-2/files/pages/tablet/,https://epub.qurancomplex.gov.sa/issues/translations/pashto-2/,https://epub.qurancomplex.gov.sa/issues/translations/pashto-2/offline/download.pdf,https://qurancomplex.gov.sa/en/kfgqpc-quran-translate/,https://www.quran.co.com
E:/qr/images/translation/bengali-1/pdf/quran_meanings_translation_bengali_1.pdf,quran_meanings_translation_bengali_1,bengali-1,FALSE,TRUE,FALSE,FALSE,FALSE,,,complete,,বাংলা,Bengali,অনুবাদের ভাষা,البنغالية,ترجمة معاني القرآن الكريم إلى اللغة البنغالية المجلد الأول,bn,Dr. Abu Bakr Mohammad Zakaria,د. أبو بكر محمد زكريا,Translation of the Meanings of the Quran into Bengali language - Part 1,Translation of the Meanings of the Quran into Bengali language,বাংলা ভাষায় কুরআনের অর্থ অনুবাদ - ১ম পর্ব quran meaning translation book download pdf islam,বাংলা ভাষায় কুরআনের অর্থ অনুবাদ - ১ম পর্ব,বাংলা-ভাষায়-কুরআনের-অর্থ-অনুবাদ---১ম-পর্ব,https://epub.qurancomplex.gov.sa/issues/translations/bengali-1/files/pages/tablet/,https://epub.qurancomplex.gov.sa/issues/translations/bengali-1/,https://epub.qurancomplex.gov.sa/issues/translations/bengali-1/offline/download.pdf,https://qurancomplex.gov.sa/en/kfgqpc-quran-translate/,https://www.quran.co.com
E:/qr/images/translation/bengali-2/pdf/quran_meanings_translation_bengali_2.pdf,quran_meanings_translation_bengali_2,bengali-2,FALSE,TRUE,FALSE,FALSE,FALSE,,,complete,,বাংলা,Bengali,অনুবাদের ভাষা,البنغالية,ترجمة معاني القرآن الكريم إلى اللغة البنغالية المجلد الثاني,bn,Dr. Abu Bakr Mohammad Zakaria,د. أبو بكر محمد زكريا,Translation of the Meanings of the Quran into Bengali language - Part 2,Translation of the Meanings of the Quran into Bengali language,বাংলা ভাষায় কুরআনের অর্থ অনুবাদ - পার্ট 2 quran meaning translation book download pdf islam,বাংলা ভাষায় কুরআনের অর্থ অনুবাদ - পার্ট 2,বাংলা-ভাষায়-কুরআনের-অর্থ-অনুবাদ---পার্ট-2,https://epub.qurancomplex.gov.sa/issues/translations/bengali-2/files/pages/tablet/,https://epub.qurancomplex.gov.sa/issues/translations/bengali-2/,https://epub.qurancomplex.gov.sa/issues/translations/bengali-2/offline/download.pdf,https://qurancomplex.gov.sa/en/kfgqpc-quran-translate/,https://www.quran.co.com
E:/qr/images/translation/turkish/pdf/quran_meanings_translation_turkish.pdf,quran_meanings_translation_turkish,turkish,FALSE,TRUE,FALSE,FALSE,FALSE,,,complete,,Türkçe,Turkish,Çeviri dili,التركية,ترجمة معاني القرآن الكريم إلى اللغة التركية,tr,Dr. Ali Ozk and others,الدكتور علي أوزك وآخرين,Translation of the Meanings of the Quran into Turkish language,Translation of the Meanings of the Quran into Turkish language,Kur'an-ı Kerim Anlamlarının Türkçeye Tercümesi quran meaning translation book download pdf islam,Kur'an-ı Kerim Anlamlarının Türkçeye Tercümesi,kur'an-ı-kerim-anlamlarının-türkçeye-tercümesi,https://epub.qurancomplex.gov.sa/issues/translations/turkish/files/pages/tablet/,https://epub.qurancomplex.gov.sa/issues/translations/turkish/,https://epub.qurancomplex.gov.sa/issues/translations/turkish/offline/download.pdf,https://qurancomplex.gov.sa/en/kfgqpc-quran-translate/,https://www.quran.co.com
E:/qr/images/translation/tagalog/pdf/quran_meanings_translation_tagalog.pdf,quran_meanings_translation_tagalog,tagalog,FALSE,TRUE,FALSE,FALSE,FALSE,,,complete,,Tagalog,Tagalog,Wika ng pagsasalin,التغالوغ,ترجمة معاني القرآن الكريم إلى اللغة التغالوغ,tl,"Dr. Abi Al-Khair Trasun, Professor Badiuzzaman Salem Saliao, and Professor Al-Amin Rodriguez",د. أبي الخير تراسون، والأستاذ بديع الزمان سالم سالياو، والأستاذ الأمين رودريجيز,Translation of the Meanings of the Quran into Tagalog language,Translation of the Meanings of the Quran into Tagalog language,Pagsasalin ng mga Kahulugan ng Quran sa wikang Tagalog quran meaning translation book download pdf islam,Pagsasalin ng mga Kahulugan ng Quran sa wikang Tagalog,pagsasalin-ng-mga-kahulugan-ng-quran-sa-wikang-tagalog,https://epub.qurancomplex.gov.sa/issues/translations/tagalog/files/pages/tablet/,https://epub.qurancomplex.gov.sa/issues/translations/tagalog/,https://epub.qurancomplex.gov.sa/issues/translations/tagalog/offline/download.pdf,https://qurancomplex.gov.sa/en/kfgqpc-quran-translate/,https://www.quran.co.com
E:/qr/images/translation/telugu/pdf/quran_meanings_translation_telugu.pdf,quran_meanings_translation_telugu,telugu,FALSE,TRUE,FALSE,FALSE,FALSE,,,complete,,తెలుగు,Telugu,అనువాద భాష,التلغو,ترجمة معاني القرآن الكريم إلى اللغة التلغو,te,Dr. Abdul Rahim Mohammad Mawlana,الدكتور عبد الرحيم محمد مولانا,Translation of the Meanings of the Quran into Telugu language,Translation of the Meanings of the Quran into Telugu language,తెలుగు భాషలోకి ఖురాన్ అర్థాల అనువాదం quran meaning translation book download pdf islam,తెలుగు భాషలోకి ఖురాన్ అర్థాల అనువాదం,తెలుగు-భాషలోకి-ఖురాన్-అర్థాల-అనువాదం,https://epub.qurancomplex.gov.sa/issues/translations/telugu/files/pages/tablet/,https://epub.qurancomplex.gov.sa/issues/translations/telugu/,https://epub.qurancomplex.gov.sa/issues/translations/telugu/offline/download.pdf,https://qurancomplex.gov.sa/en/kfgqpc-quran-translate/,https://www.quran.co.com
E:/qr/images/translation/chinese-nqt/pdf/quran_meanings_translation_chinese_nqt.pdf,quran_meanings_translation_chinese_nqt,chinese-nqt,FALSE,TRUE,FALSE,FALSE,FALSE,,,complete,,中文,Chinese,翻译语言,الصينية,ترجمة معاني القرآن الكريم إلى اللغة الصينية,zh,Shaikh Mohammad Makin,الشيخ محمد مكين,Translation of the Meanings of the Quran into Chinese language,Translation of the Meanings of the Quran into Chinese language,古兰经的意义翻译成中文 quran meaning translation book download pdf islam,古兰经的意义翻译成中文,古兰经的意义翻译成中文,https://epub.qurancomplex.gov.sa/issues/translations/chinese-nqt/files/pages/tablet/,https://epub.qurancomplex.gov.sa/issues/translations/chinese-nqt/,https://epub.qurancomplex.gov.sa/issues/translations/chinese-nqt/offline/download.pdf,https://qurancomplex.gov.sa/en/kfgqpc-quran-translate/,https://www.quran.co.com
E:/qr/images/translation/tajik/pdf/quran_meanings_translation_tajik.pdf,quran_meanings_translation_tajik,tajik,FALSE,TRUE,FALSE,FALSE,FALSE,,,complete,,забо́ни тоҷикӣ́,Tajik,Забони тарҷума,الطاجيكية,ترجمة معاني القرآن الكريم إلى اللغة الطاجيكية,tg,Shaikh Khoja Mirov Khoja Mir,الشيخ خوجة ميروف خوجة مير,Translation of the Meanings of the Quran into Tajik language,Translation of the Meanings of the Quran into Tajik language,Тарчумаи маънохои Куръон ба забони точики quran meaning translation book download pdf islam,Тарчумаи маънохои Куръон ба забони точики,тарчумаи-маънохои-куръон-ба-забони-точики,https://epub.qurancomplex.gov.sa/issues/translations/tajik/files/pages/tablet/,https://epub.qurancomplex.gov.sa/issues/translations/tajik/,https://epub.qurancomplex.gov.sa/issues/translations/tajik/offline/download.pdf,https://qurancomplex.gov.sa/en/kfgqpc-quran-translate/,https://www.quran.co.com
E:/qr/images/translation/persian/pdf/quran_meanings_translation_persian.pdf,quran_meanings_translation_persian,persian,FALSE,TRUE,FALSE,FALSE,FALSE,,,complete,,فارسی,Persian,زبان ترجمه,الفارسية,ترجمة معاني القرآن الكريم إلى اللغة الفارسية,fa,Shah Waliullah Dehlavi,الشاه وليّ الله الدهلوي,Translation of the Meanings of the Quran into Persian language,Translation of the Meanings of the Quran into Persian language,ترجمه معانی قرآن به زبان فارسی quran meaning translation book download pdf islam,ترجمه معانی قرآن به زبان فارسی,ترجمه-معانی-قرآن-به-زبان-فارسی,https://epub.qurancomplex.gov.sa/issues/translations/persian/files/pages/tablet/,https://epub.qurancomplex.gov.sa/issues/translations/persian/,https://epub.qurancomplex.gov.sa/issues/translations/persian/offline/download.pdf,https://qurancomplex.gov.sa/en/kfgqpc-quran-translate/,https://www.quran.co.com
E:/qr/images/translation/vietnamese/pdf/quran_meanings_translation_vietnamese.pdf,quran_meanings_translation_vietnamese,vietnamese,FALSE,TRUE,FALSE,FALSE,FALSE,,,complete,,Tiếng Việt,Vietnamese,Ngôn ngữ dịch,الفيتنامية,ترجمة معاني القرآن الكريم إلى اللغة الفيتنامية,vi,Shaikh Hassan Abdul Karim,الشيخ حسن عبد الكريم,Translation of the Meanings of the Quran into Vietnamese language,Translation of the Meanings of the Quran into Vietnamese language,Dịch nghĩa của Kinh Qur'an sang tiếng Việt quran meaning translation book download pdf islam,Dịch nghĩa của Kinh Qur'an sang tiếng Việt,dịch-nghĩa-của-kinh-qur'an-sang-tiếng-việt,https://epub.qurancomplex.gov.sa/issues/translations/vietnamese/files/pages/tablet/,https://epub.qurancomplex.gov.sa/issues/translations/vietnamese/,https://epub.qurancomplex.gov.sa/issues/translations/vietnamese/offline/download.pdf,https://qurancomplex.gov.sa/en/kfgqpc-quran-translate/,https://www.quran.co.com
E:/qr/images/translation/kyrgyz/pdf/quran_meanings_translation_kyrgyz.pdf,quran_meanings_translation_kyrgyz,kyrgyz,FALSE,TRUE,FALSE,FALSE,FALSE,,,complete,,кыргыз тили,Kyrgyz,Котормо тили,القيرغيزية,ترجمة معاني القرآن الكريم إلى اللغة القيرغيزية,ky,Shaikh Shamsuddin Hakimov,الشيخ شمس الدين حكيموف,Translation of the Meanings of the Quran into Kyrgyz language,Translation of the Meanings of the Quran into Kyrgyz language,Курандын маанилеринин кыргыз тилине которулушу quran meaning translation book download pdf islam,Курандын маанилеринин кыргыз тилине которулушу,курандын-маанилеринин-кыргыз-тилине-которулушу,https://epub.qurancomplex.gov.sa/issues/translations/kyrgyz/files/pages/tablet/,https://epub.qurancomplex.gov.sa/issues/translations/kyrgyz/,https://epub.qurancomplex.gov.sa/issues/translations/kyrgyz/offline/download.pdf,https://qurancomplex.gov.sa/en/kfgqpc-quran-translate/,https://www.quran.co.com
E:/qr/images/translation/kurdish-kurmanji/pdf/quran_meanings_translation_kurdish_kurmanji.pdf,quran_meanings_translation_kurdish_kurmanji,kurdish-kurmanji,FALSE,TRUE,FALSE,FALSE,FALSE,,,complete,,كوردی,Kurdish,Zimanê wergerê,الكرديـــة,ترجمة معاني القرآن الكريم إلى اللغة الكرديـــة,ku,Dr. Ismail Ali Taha,الدكتور إسماعيل علي طه,Translation of the Meanings of the Quran into Kurdish language,Translation of the Meanings of the Quran into Kurdish language,Wergerandina Wateyên Quranê bo zimanê Kurdî quran meaning translation book download pdf islam,Wergerandina Wateyên Quranê bo zimanê Kurdî,wergerandina-wateyên-quranê-bo-zimanê-kurdî,https://epub.qurancomplex.gov.sa/issues/translations/kurdish-kurmanji/files/pages/tablet/,https://epub.qurancomplex.gov.sa/issues/translations/kurdish-kurmanji/,https://epub.qurancomplex.gov.sa/issues/translations/kurdish-kurmanji/offline/download.pdf,https://qurancomplex.gov.sa/en/kfgqpc-quran-translate/,https://www.quran.co.com
E:/qr/images/translation/malay/pdf/quran_meanings_translation_malay.pdf,quran_meanings_translation_malay,malay,FALSE,TRUE,FALSE,FALSE,FALSE,,,complete,,Bahasa Melayu,Malay,Bahasa terjemahan,الملايوية,ترجمة معاني القرآن الكريم إلى اللغة الملايوية,ms,The Teaching Staff in the Department of the Language of Qur’an at the Language Center of the International Islamic University in Malaysia,أعضاء هيئة التدريس في قسم لغة القرآن بمركز اللغات بالجامعة الإسلامية العالمية بماليزيا,Translation of the Meanings of the Quran into Malay language,Translation of the Meanings of the Quran into Malay language,Terjemahan Makna Al-Quran ke dalam bahasa Melayu quran meaning translation book download pdf islam,Terjemahan Makna Al-Quran ke dalam bahasa Melayu,terjemahan-makna-al-quran-ke-dalam-bahasa-melayu,https://epub.qurancomplex.gov.sa/issues/translations/malay/files/pages/tablet/,https://epub.qurancomplex.gov.sa/issues/translations/malay/,https://epub.qurancomplex.gov.sa/issues/translations/malay/offline/download.pdf,https://qurancomplex.gov.sa/en/kfgqpc-quran-translate/,https://www.quran.co.com
E:/qr/images/translation/milibari/pdf/quran_meanings_translation_milibari.pdf,quran_meanings_translation_milibari,milibari,FALSE,TRUE,FALSE,FALSE,FALSE,,,complete,,മലയാളം,Malayalam,വിവർത്തന ഭാഷ,المليبارية [المليالم],ترجمة معاني القرآن الكريم إلى اللغة المليبارية [المليالم],ml,"Shaikh Abdul Hamid Haider Al-Madani, and Shaikh Kunhi Mohammad Barbour Al-Madani",ترجمة: الشيخين عبد الحميد حيدر المدني، وكنهي محمد بربور المدني,Translation of the Meanings of the Quran into Malayalam language,Translation of the Meanings of the Quran into Malayalam language,ഖുർആനിൻ്റെ അർത്ഥം മലയാളത്തിലേക്ക് വിവർത്തനം ചെയ്യുക quran meaning translation book download pdf islam,ഖുർആനിൻ്റെ അർത്ഥം മലയാളത്തിലേക്ക് വിവർത്തനം ചെയ്യുക,ഖുർആനിൻ്റെ-അർത്ഥം-മലയാളത്തിലേക്ക്-വിവർത്തനം-ചെയ്യുക,https://epub.qurancomplex.gov.sa/issues/translations/milibari/files/pages/tablet/,https://epub.qurancomplex.gov.sa/issues/translations/milibari/,https://epub.qurancomplex.gov.sa/issues/translations/milibari/offline/download.pdf,https://qurancomplex.gov.sa/en/kfgqpc-quran-translate/,https://www.quran.co.com
E:/qr/images/translation/mandariya/pdf/quran_meanings_translation_mandariya.pdf,quran_meanings_translation_mandariya,mandariya,FALSE,TRUE,FALSE,FALSE,FALSE,,,complete,,Mandar,Mandar,Translation language,المندرية,ترجمة معاني القرآن الكريم إلى اللغة المندرية,mdr,Shaikh Mohammad Adham Khaled Bodhi,الشيخ محمد إدهم خالد بوضي,Translation of the Meanings of the Quran into Mandar language,Translation of the Meanings of the Quran into Mandar language,Koroang Mala'bi' anna battuan makna-na tama di basa Mandar quran meaning translation book download pdf islam,Koroang Mala'bi' anna battuan makna-na tama di basa Mandar,koroang-mala'bi'-anna-battuan-makna-na-tama-di-basa-mandar,https://epub.qurancomplex.gov.sa/issues/translations/mandariya/files/pages/tablet/,https://epub.qurancomplex.gov.sa/issues/translations/mandariya/,https://epub.qurancomplex.gov.sa/issues/translations/mandariya/offline/download.pdf,https://qurancomplex.gov.sa/en/kfgqpc-quran-translate/,https://www.quran.co.com
E:/qr/images/translation/nepali/pdf/quran_meanings_translation_nepali.pdf,quran_meanings_translation_nepali,nepali,FALSE,TRUE,FALSE,FALSE,FALSE,,,complete,,नेपाली,Nepali,अनुवाद भाषा,النيبالية,ترجمة معاني القرآن الكريم إلى اللغة النيبالية,ne,Central Ahl al-Hadith Association of Nepal,جمعية أهل الحديث المركزية في نيبال,Translation of the Meanings of the Quran into Nepali language,Translation of the Meanings of the Quran into Nepali language,कुरानको अर्थ नेपाली भाषामा अनुवाद quran meaning translation book download pdf islam,कुरानको अर्थ नेपाली भाषामा अनुवाद,कुरानको-अर्थ-नेपाली-भाषामा-अनुवाद,https://epub.qurancomplex.gov.sa/issues/translations/nepali/files/pages/tablet/,https://epub.qurancomplex.gov.sa/issues/translations/nepali/,https://epub.qurancomplex.gov.sa/issues/translations/nepali/offline/download.pdf,https://qurancomplex.gov.sa/en/kfgqpc-quran-translate/,https://www.quran.co.com
E:/qr/images/translation/hindi/pdf/quran_meanings_translation_hindi.pdf,quran_meanings_translation_hindi,hindi,FALSE,TRUE,FALSE,FALSE,FALSE,,,complete,,हिन्दी,Hindi,अनुवाद भाषा,الهندية,ترجمة معاني القرآن الكريم إلى اللغة الهندية,hi,Shaikh Aziz Al-Haq Al-Omari,الشيخ عزيز الحق العمري,Translation of the Meanings of the Quran into Hindi language,Translation of the Meanings of the Quran into Hindi language,कुरान के अर्थों का हिंदी भाषा में अनुवाद quran meaning translation book download pdf islam,कुरान के अर्थों का हिंदी भाषा में अनुवाद,कुरान-के-अर्थों-का-हिंदी-भाषा-में-अनुवाद,https://epub.qurancomplex.gov.sa/issues/translations/hindi/files/pages/tablet/,https://epub.qurancomplex.gov.sa/issues/translations/hindi/,https://epub.qurancomplex.gov.sa/issues/translations/hindi/offline/download.pdf,https://qurancomplex.gov.sa/en/kfgqpc-quran-translate/,https://www.quran.co.com
E:/qr/images/translation/japanese/pdf/quran_meanings_translation_japanese.pdf,quran_meanings_translation_japanese,japanese,FALSE,TRUE,FALSE,FALSE,FALSE,,,complete,,日本語,Japanese,翻訳言語,اليابانية,ترجمة معاني القرآن الكريم إلى اللغة اليابانية,ja,Al-Tafsir Al-Muyassar by Shaikh Saeed Sato,التفسير الميسر للشيخ سعيد ساتو,Translation of the Meanings of the Quran into Japanese language,Translation of the Meanings of the Quran into Japanese language,コーランの意味の日本語訳 quran meaning translation book download pdf islam,コーランの意味の日本語訳,コーランの意味の日本語訳,https://epub.qurancomplex.gov.sa/issues/translations/japanese/files/pages/tablet/,https://epub.qurancomplex.gov.sa/issues/translations/japanese/,https://epub.qurancomplex.gov.sa/issues/translations/japanese/offline/download.pdf,https://qurancomplex.gov.sa/en/kfgqpc-quran-translate/,https://www.quran.co.com
E:/qr/images/translation/kannada/pdf/quran_meanings_translation_kannada.pdf,quran_meanings_translation_kannada,kannada,FALSE,TRUE,FALSE,FALSE,FALSE,,,complete,,ಕನ್ನಡ,Kannada,ಅನುವಾದ ಭಾಷೆ,الكنّاديّة,ترجمة معاني القرآن الكريم إلى اللغة الكنّاديّة,kn,Muhammed Hamza Battor,ترجمة الشيخ: محمد حمزة بتّور,Translation of the Meanings of the Quran into Kannada language,Translation of the Meanings of the Quran into Kannada language,ಕುರಾನ್‌ನ ಅರ್ಥಗಳನ್ನು ಕನ್ನಡ ಭಾಷೆಗೆ ಅನುವಾದಿಸುವುದು quran meaning translation book download pdf islam,ಕುರಾನ್‌ನ ಅರ್ಥಗಳನ್ನು ಕನ್ನಡ ಭಾಷೆಗೆ ಅನುವಾದಿಸುವುದು,ಕುರಾನ್‌ನ-ಅರ್ಥಗಳನ್ನು-ಕನ್ನಡ-ಭಾಷೆಗೆ-ಅನುವಾದಿಸುವುದು,https://epub.qurancomplex.gov.sa/issues/translations/kannada/files/pages/tablet/,https://epub.qurancomplex.gov.sa/issues/translations/kannada/,https://epub.qurancomplex.gov.sa/issues/translations/kannada/offline/download.pdf,https://qurancomplex.gov.sa/en/kfgqpc-quran-translate/,https://www.quran.co.com
E:/qr/images/translation/tamazight-Arabic/pdf/quran_meanings_translation_tamazight_arabic.pdf,quran_meanings_translation_tamazight_arabic,tamazight-Arabic,FALSE,TRUE,FALSE,FALSE,FALSE,,,complete,,غاللغه اتمازيغث-اسثقپايليث,Tamazight,Translation language,الأمازيغية [بالحرف العربي],ترجمة معاني القرآن الكريم إلى اللغة الأمازيغية [بالحرف العربي],zgh,Professor Si Hadj Mohand Tayeb,الأستاذ سي حاج محند محند طيب,Translation of the Meanings of the Quran into Tamazight language,Translation of the Meanings of the Quran into Tamazight language,لُقْرَانُ الْعَظِيمُ ذُتَرْحَمْ المُعَايْنِيسُ غَاللَّغَهُ أَثْمَازِيغُتُ (اسْتُقْبَائِلِيت) quran meaning translation book download pdf islam,لُقْرَانُ الْعَظِيمُ ذُتَرْحَمْ المُعَايْنِيسُ غَاللَّغَهُ أَثْمَازِيغُتُ (اسْتُقْبَائِلِيت),لُقْرَانُ-الْعَظِيمُ-ذُتَرْحَمْ-المُعَايْنِيسُ-غَاللَّغَهُ-أَثْمَازِيغُتُ-(اسْتُقْبَائِلِيت),https://epub.qurancomplex.gov.sa/issues/translations/tamazight-Arabic/files/pages/tablet/,https://epub.qurancomplex.gov.sa/issues/translations/tamazight-Arabic/,https://epub.qurancomplex.gov.sa/issues/translations/tamazight-Arabic/offline/download.pdf,https://qurancomplex.gov.sa/en/kfgqpc-quran-translate/,https://www.quran.co.com
E:/qr/images/translation/nko/pdf/quran_meanings_translation_nko.pdf,quran_meanings_translation_nko,nko,FALSE,TRUE,FALSE,FALSE,FALSE,,,complete,,Nko,N'Ko,Translation language,الأنكو,ترجمة معاني القرآن الكريم إلى اللغة الأنكو,nqo,Shaikh Fodi Suleiman Kanti,الشيخ فودي سليمان كانتي,Translation of the Meanings of the Quran into N'Ko language,Translation of the Meanings of the Quran into N'Ko language,ߞߎ߬ߙߣߊ߬ ߞߟߊߒߞߋ ߞߘߐ ߟߎ߬ ߘߟߊߡߌߘߊ - ߡߊ߲߬ߘߋ߲߫ ߝߘߏ߬ߓߊ߬ߞߊ߲ ߒߞߏ ߘߟߊߡߌߘߊ quran meaning translation book download pdf islam,ߞߎ߬ߙߣߊ߬ ߞߟߊߒߞߋ ߞߘߐ ߟߎ߬ ߘߟߊߡߌߘߊ - ߡߊ߲߬ߘߋ߲߫ ߝߘߏ߬ߓߊ߬ߞߊ߲ ߒߞߏ ߘߟߊߡߌߘߊ,ߞߎ߬ߙߣߊ߬-ߞߟߊߒߞߋ-ߞߘߐ-ߟߎ߬-ߘߟߊߡߌߘߊ---ߡߊ߲߬ߘߋ߲߫-ߝߘߏ߬ߓߊ߬ߞߊ߲-ߒߞߏ-ߘߟߊߡߌߘߊ,https://epub.qurancomplex.gov.sa/issues/translations/nko/files/pages/tablet/,https://epub.qurancomplex.gov.sa/issues/translations/nko/,https://epub.qurancomplex.gov.sa/issues/translations/nko/offline/download.pdf,https://qurancomplex.gov.sa/en/kfgqpc-quran-translate/,https://www.quran.co.com
E:/qr/images/translation/basaa/pdf/quran_meanings_translation_basaa.pdf,quran_meanings_translation_basaa,basaa,FALSE,TRUE,FALSE,FALSE,FALSE,,,complete,,Basaa,Basa,Translation language,الباسا,ترجمة معاني القرآن الكريم إلى اللغة الباسا,bas,Shaikh Bill Mahmoud,الشيخ بيل محمود,Translation of the Meanings of the Quran into Basa language,Translation of the Meanings of the Quran into Basa language,Kur-an i limpéba lôñni ngobol i minlôñ ñwé'i hop' basaa quran meaning translation book download pdf islam,Kur-an i limpéba lôñni ngobol i minlôñ ñwé'i hop' basaa,kur-an-i-limpéba-lôñni-ngobol-i-minlôñ-ñwé'i-hop'-basaa,https://epub.qurancomplex.gov.sa/issues/translations/basaa/files/pages/tablet/,https://epub.qurancomplex.gov.sa/issues/translations/basaa/,https://epub.qurancomplex.gov.sa/issues/translations/basaa/offline/download.pdf,https://qurancomplex.gov.sa/en/kfgqpc-quran-translate/,https://www.quran.co.com
E:/qr/images/translation/dagbani/pdf/quran_meanings_translation_dagbani.pdf,quran_meanings_translation_dagbani,dagbani,FALSE,TRUE,FALSE,FALSE,FALSE,,,complete,,Dagbani,Dagbani,Translation language,الداغبانية,ترجمة معاني القرآن الكريم إلى اللغة الداغبانية,dag,Shaikh Mohammad Baba Ghatobou,الشيخ محمد بابا غطوبو,Translation of the Meanings of the Quran into Dagbani language,Translation of the Meanings of the Quran into Dagbani language,ALKUR'AANI TIMSILI Mini Di Lebgibu Zan Chan Dagbanli quran meaning translation book download pdf islam,ALKUR'AANI TIMSILI Mini Di Lebgibu Zan Chan Dagbanli,alkur'aani-timsili-mini-di-lebgibu-zan-chan-dagbanli,https://epub.qurancomplex.gov.sa/issues/translations/dagbani/files/pages/tablet/,https://epub.qurancomplex.gov.sa/issues/translations/dagbani/,https://epub.qurancomplex.gov.sa/issues/translations/dagbani/offline/download.pdf,https://qurancomplex.gov.sa/en/kfgqpc-quran-translate/,https://www.quran.co.com
E:/qr/images/translation/sawahili/pdf/quran_meanings_translation_sawahili.pdf,quran_meanings_translation_sawahili,sawahili,FALSE,TRUE,FALSE,FALSE,FALSE,,,complete,,Kiswahili,Swahili,Lugha ya kutafsiri,السواحلية,ترجمة معاني القرآن الكريم إلى اللغة السواحلية,sw,Dr. Abdullah Mohammad Abu Bakr and Shaikh Nasser Khamis Abdulrahman,ترجمة: الدكتور عبدالله محمد أبو بكر والشيخ ناصر خميس عبدالرحمن,Translation of the Meanings of the Quran into Swahili language,Translation of the Meanings of the Quran into Swahili language,Tafsiri ya Maana za Quran kwa lugha ya Kiswahili quran meaning translation book download pdf islam,Tafsiri ya Maana za Quran kwa lugha ya Kiswahili,tafsiri-ya-maana-za-quran-kwa-lugha-ya-kiswahili,https://epub.qurancomplex.gov.sa/issues/translations/sawahili/files/pages/tablet/,https://epub.qurancomplex.gov.sa/issues/translations/sawahili/,https://epub.qurancomplex.gov.sa/issues/translations/sawahili/offline/download.pdf,https://qurancomplex.gov.sa/en/kfgqpc-quran-translate/,https://www.quran.co.com
E:/qr/images/translation/afar/pdf/quran_meanings_translation_afar.pdf,quran_meanings_translation_afar,afar,FALSE,TRUE,FALSE,FALSE,FALSE,,,complete,,Afar,Afar,Translation language,العفرية,ترجمة معاني القرآن الكريم إلى اللغة العفرية,aa,An elite of scholars under the supervision of Shaikh Mahmoud Abdul Kader Hamza,ترجمة: نخبة من العلماء بإشراف الشيخ محمود عبدالقادر حمزة,Translation of the Meanings of the Quran into Afar language,Translation of the Meanings of the Quran into Afar language,Saytun Qhuraan kee kay maqnah tarjamaty Qafar afal tani quran meaning translation book download pdf islam,Saytun Qhuraan kee kay maqnah tarjamaty Qafar afal tani,saytun-qhuraan-kee-kay-maqnah-tarjamaty-qafar-afal-tani,https://epub.qurancomplex.gov.sa/issues/translations/afar/files/pages/tablet/,https://epub.qurancomplex.gov.sa/issues/translations/afar/,https://epub.qurancomplex.gov.sa/issues/translations/afar/offline/download.pdf,https://qurancomplex.gov.sa/en/kfgqpc-quran-translate/,https://www.quran.co.com
E:/qr/images/translation/folani/pdf/quran_meanings_translation_folani.pdf,quran_meanings_translation_folani,folani,FALSE,TRUE,FALSE,FALSE,FALSE,,,complete,,Fulfulde,Fulah,Translation language,الفولانية [بالحرف اللاتيني],ترجمة معاني القرآن الكريم إلى اللغة الفولانية [بالحرف اللاتيني],ff,The National Association of Local Languages in Burkina Faso,الجمعية الأهلية للغات المحلية ببوركينافاسو,Translation of the Meanings of the Quran into Fulah language,Translation of the Meanings of the Quran into Fulah language,QUR'AANAARE Teddunde Maniniraande E Haala Fulfulde quran meaning translation book download pdf islam,QUR'AANAARE Teddunde Maniniraande E Haala Fulfulde,qur'aanaare-teddunde-maniniraande-e-haala-fulfulde,https://epub.qurancomplex.gov.sa/issues/translations/folani/files/pages/tablet/,https://epub.qurancomplex.gov.sa/issues/translations/folani/,https://epub.qurancomplex.gov.sa/issues/translations/folani/offline/download.pdf,https://qurancomplex.gov.sa/en/kfgqpc-quran-translate/,https://www.quran.co.com
E:/qr/images/translation/lingala/pdf/quran_meanings_translation_lingala.pdf,quran_meanings_translation_lingala,lingala,FALSE,TRUE,FALSE,FALSE,FALSE,,,complete,,Lingala,Lingala,Translation language,اللنغالا,ترجمة معاني القرآن الكريم إلى اللغة اللنغالا,ln,Shaikh Zakaria Mohammad Balangongo,الشيخ زكريا محمد بالنغونغو,Translation of the Meanings of the Quran into Lingala language,Translation of the Meanings of the Quran into Lingala language,Kurani ya Lokumu mpe Ndimbola ya Bantina na Yango o Lokota ya Lingala quran meaning translation book download pdf islam,Kurani ya Lokumu mpe Ndimbola ya Bantina na Yango o Lokota ya Lingala,kurani-ya-lokumu-mpe-ndimbola-ya-bantina-na-yango-o-lokota-ya-lingala,https://epub.qurancomplex.gov.sa/issues/translations/lingala/files/pages/tablet/,https://epub.qurancomplex.gov.sa/issues/translations/lingala/,https://epub.qurancomplex.gov.sa/issues/translations/lingala/offline/download.pdf,https://qurancomplex.gov.sa/en/kfgqpc-quran-translate/,https://www.quran.co.com